,Jan--2024,1,2,3,4,5,6,7,8,9,10,11,12,13,14,15,16,17,18,19,20,21,22,23,24,25,26,27,28,29,30,31,TOTAL ,,Jan--2024,%,Per Pt ,,
Dr Divya,AMT - OLD ,13.0,69.5,81,52.0,0.0,113.0,59.5,46.0,43.5,84.0,22.0,0.0,36.5,62.0,21.5,11.0,23.0,30.5,0.0,55.5,57.5,13.0,9.0,35.0,32.5,0.0,61.5,42.5,110.5,56.5,24.0,1265.5,Dr Divya,AMT - OLD ,54%,6.8,,
,AMT-NEW,58.0,39.0,34.5,74.0,0.0,86.0,57.0,13.0,32.0,13.0,48.0,0.0,34.0,0.0,46.0,37.5,25.0,25.0,0.0,55.0,37.0,26.0,24.0,45.0,25.0,0.0,26.0,55.0,38.0,92.0,37.5,1082.5,,AMT-NEW,46%,7.2,,
,PT- OLD ,2,5,11.0,7.0,0.0,11.0,12.0,10.0,10.0,8.0,6.0,0.0,6.0,8.0,6.0,3.0,6.0,6.0,0.0,6.0,5.0,3.0,5.0,5.0,6.0,0.0,10.0,6.0,10.0,8.0,4.0,185.0,,PT- OLD ,55%,,,
,PT- NEW,8,6,5.0,10.0,0.0,12.0,11.0,3.0,4.0,2.0,7.0,0.0,4.0,0.0,5.0,4.0,3.0,4.0,0.0,6.0,3.0,6.0,2.0,7.0,9.0,0.0,5.0,3.0,4.0,8.0,9.0,150.0,,PT- NEW,45%,,,
,Amt-ToT,71.0,108.5,115.5,126.0,0.0,199.0,116.5,59.0,75.5,97.0,70.0,0.0,70.5,62.0,67.5,48.5,48.0,55.5,0.0,110.5,94.5,39.0,33.0,80.0,57.5,0.0,87.5,97.5,148.5,148.5,61.5,2348.0,,Amt-ToT,,,,
,Pt-TOT,10.0,11.0,16.0,17.0,0.0,23.0,23.0,13.0,14.0,10.0,13.0,0.0,10.0,8.0,11.0,7.0,9.0,10.0,0.0,12.0,8.0,9.0,7.0,12.0,15.0,0.0,15.0,9.0,14.0,16.0,13.0,335.0,,Pt-TOT,,,,
Dr Parvathy ,AMT - OLD ,0.0,52.0,10.0,0.0,72.0,0.0,32.0,50.0,60.0,15.0,13.0,0.0,40.0,10.0,48.0,0.0,47.0,0.0,0.0,91.0,6.0,20.0,20.0,28.0,60.0,0.0,35.0,15.0,33.0,10.0,31.0,798.0,Dr Parvathy ,AMT - OLD ,54%,12.9,,
,AMT-NEW,126.0,8.0,13.0,0.0,18.0,0.0,18.0,16.0,18.0,3.0,33.0,0.0,47.0,3.0,79.0,0.0,0.0,0.0,18.0,61.0,13.0,21.0,50.0,13.0,33.0,0.0,10.0,18.0,41.0,0.0,13.0,673.0,,AMT-NEW,46%,16.0,,
,PT- OLD ,0.0,4.0,1,0.0,6.0,0.0,6.0,2.0,3.0,1.0,2.0,0.0,2.0,1.0,3.0,0.0,2.0,0.0,0.0,6.0,2.0,1.0,2.0,2.0,3.0,0.0,4.0,1.0,3.0,1.0,4.0,62.0,,PT- OLD ,60%,,,
,PT- NEW,2.0,1.0,1.0,0.0,1.0,0.0,1.0,2.0,1.0,1.0,3.0,0.0,4.0,1.0,3.0,0.0,0.0,0.0,1.0,5.0,2.0,2.0,1.0,2.0,3.0,0.0,1.0,1.0,2.0,0.0,1.0,42.0,,PT- NEW,40%,,,
,Amt-ToT,126.0,60.0,23.0,0.0,90.0,0.0,50.0,66.0,78.0,18.0,46.0,0.0,87.0,13.0,127.0,0.0,47.0,0.0,18.0,152.0,19.0,41.0,70.0,41.0,93.0,0.0,45.0,33.0,74.0,10.0,44.0,1471.0,,Amt-ToT,,,,
,Pt-TOT,2.0,5.0,2.0,0.0,7.0,0.0,7.0,4.0,4.0,2.0,5.0,0.0,6.0,2.0,6.0,0.0,2.0,0.0,1.0,11.0,4.0,3.0,3.0,4.0,6.0,0.0,5.0,2.0,5.0,1.0,5.0,104.0,,Pt-TOT,,,,
Dr Archana,AMT - OLD ,18.0,66.0,3.0,52.0,0.0,0.0,0.0,0.0,0.0,40.0,28.0,15.0,0.0,8.0,15.0,80.0,15.0,3.0,0.0,0.0,0.0,3.0,10.0,29.0,25.0,0.0,0.0,25.0,10.0,45.5,0.0,490.5,Dr Archana,AMT - OLD ,40%,14.0,,
,AMT-NEW,0.0,3.0,64,58.0,0.0,0.0,10.0,28.0,28.0,41.0,25.0,31.0,0.0,68.0,46.0,0.0,31.0,60.0,0.0,0.0,72.0,27.0,13.0,22.0,21.0,3.0,0.0,1.0,30.0,13.0,31.0,726.0,,AMT-NEW,60%,12.7,,
,PT- OLD ,2.0,2.0,1,4.0,0.0,0.0,0.0,0.0,0.0,3.0,2.0,1.0,0.0,1.0,1.0,3.0,1.0,1.0,0.0,0.0,0.0,1.0,1.0,2.0,2.0,0.0,0.0,3.0,1.0,3.0,0.0,35.0,,PT- OLD ,38%,,,
,PT- NEW,0.0,1.0,4,2.0,0.0,0.0,1.0,3.0,3.0,3.0,2.0,3.0,0.0,7.0,3.0,0.0,2.0,2.0,0.0,0.0,3.0,2.0,2.0,1.0,3.0,1.0,0.0,1.0,3.0,1.0,4.0,57.0,,PT- NEW,62%,,,
,Amt-ToT,18.0,69.0,67.0,110.0,0.0,0.0,10.0,28.0,28.0,81.0,53.0,46.0,0.0,76.0,61.0,80.0,46.0,63.0,0.0,0.0,72.0,30.0,23.0,51.0,46.0,3.0,0.0,26.0,40.0,58.5,31.0,1216.5,,Amt-ToT,,,,
,Pt-TOT,2.0,3.0,5.0,6.0,0.0,0.0,1.0,3.0,3.0,6.0,4.0,4.0,0.0,8.0,4.0,3.0,3.0,3.0,0.0,0.0,3.0,3.0,3.0,3.0,5.0,1.0,0.0,4.0,4.0,4.0,4.0,92.0,,Pt-TOT,,,,
,,,,,,,,,,,,,,,,,,,,,,,,,,,,,,,,,,,,,,,
,Feb--2024,1,2,3,4,5,6,7,8,9,10,11,12,13,14,15,16,17,18,19,20,21,22,23,24,25,26,27,28,29,30,31,TOTAL ,,Jan--2024,%,Per Pt ,,
Dr Divya,AMT - OLD ,33.5,0.0,102,110.0,12.5,55.0,52.0,25.0,0.0,46.5,69.5,23.0,0.0,38.5,16.0,0.0,25.0,22.5,21.0,34.5,47.8,67.5,0.0,48.0,72.0,74.5,14.0,43.5,32.1,,,1085.9,Dr Divya,AMT - OLD ,44%,6.1,,
,AMT-NEW,110.0,0.0,79,63.0,60.0,55.0,84.0,127.0,0.0,111.0,62.0,66.5,11.0,33.0,37.0,0.0,82.0,51.5,26.0,29.8,34.0,69.0,0.0,41.0,21.0,10.0,54.0,68.9,24.0,,,1409.7,,AMT-NEW,56%,7.8,,
,PT- OLD ,5,0,11.0,8.0,6.0,8.0,8.0,18.0,0.0,8.0,11.0,3.0,0.0,7.0,3.0,0.0,5.0,6.0,5.0,6.0,8.0,8.0,0.0,9.0,7.0,7.0,4.0,10.0,6.0,,,177.0,,PT- OLD ,,49.6,,
,PT- NEW,4,0,10.0,6.0,13.0,6.0,13.0,7.0,0.0,19.0,10.0,10.0,2.0,5.0,6.0,0.0,15.0,8.0,4.0,5.0,3.0,5.0,0.0,7.0,5.0,2.0,5.0,6.0,4.0,,,180.0,,PT- NEW,Per PT,50.4,,
,Amt-ToT,143.5,0.0,181.0,173.0,72.5,110.0,136.0,152.0,0.0,157.5,131.5,89.5,11.0,71.5,53.0,0.0,107.0,74.0,47.0,64.3,81.8,136.5,0.0,89.0,93.0,84.5,68.0,112.4,56.1,0.0,0.0,2495.5,,Amt-ToT,,,,
,Pt-TOT,9.0,0.0,21.0,14.0,19.0,14.0,21.0,25.0,0.0,27.0,21.0,13.0,2.0,12.0,9.0,0.0,20.0,14.0,9.0,11.0,11.0,13.0,0.0,16.0,12.0,9.0,9.0,16.0,10.0,0.0,0.0,357.0,,Pt-TOT,,7.0,,
Dr Parvathy ,AMT - OLD ,25.0,0.0,52.0,20.0,8.0,25.0,25.0,45.0,0.0,87.0,0.0,0.0,0.0,23.0,0.0,20.0,105.0,100.0,0.0,0.0,10.0,0.0,0.0,208.5,20.0,0.0,25.0,12.0,0.0,,,810.5,Dr Parvathy ,AMT - OLD ,45%,20.8,,
,AMT-NEW,46.0,0.0,212.0,18.0,23.0,18.0,0.0,137.0,0.0,61.0,0.0,112.0,13.0,0.0,0.0,50.0,47.0,0.0,67.0,6.0,0.0,26.0,0.0,25.0,59.0,0.0,31.0,39.0,0.0,,,990.0,,AMT-NEW,55%,16.5,,
,PT- OLD ,1.0,0.0,3,1.0,2.0,3.0,2.0,1.0,0.0,5.0,0.0,0.0,0.0,2.0,0.0,2.0,5.0,1.0,0.0,0.0,1.0,0.0,0.0,6.0,1.0,0.0,2.0,1.0,0.0,,,39.0,,PT- OLD ,,39.4,,
,PT- NEW,4.0,0.0,7.0,2.0,,1.0,0.0,8.0,0.0,6.0,0.0,2.0,1.0,0.0,0.0,5.0,4.0,0.0,6.0,2.0,0.0,2.0,0.0,3.0,2.0,0.0,2.0,3.0,0.0,,,60.0,,PT- NEW,Per PT,60.6,,
,Amt-ToT,71.0,0.0,264.0,38.0,31.0,43.0,25.0,182.0,0.0,148.0,0.0,112.0,13.0,23.0,0.0,70.0,152.0,100.0,67.0,6.0,10.0,26.0,0.0,233.5,79.0,0.0,56.0,51.0,0.0,0.0,0.0,1800.5,,Amt-ToT,,,,
,Pt-TOT,5.0,0.0,10.0,3.0,2.0,4.0,2.0,9.0,0.0,11.0,0.0,2.0,1.0,2.0,0.0,7.0,9.0,1.0,6.0,2.0,1.0,2.0,0.0,9.0,3.0,0.0,4.0,4.0,0.0,0.0,0.0,99.0,,Pt-TOT,,18.2,,
Dr Archana,AMT - OLD ,13.0,0.0,0.0,0.0,16.0,30.0,0.0,0.0,0.0,0.0,33.0,27.0,12.0,30.0,12.0,0.0,0.0,35.0,15.0,25.0,43.0,26.0,0.0,0.0,30.0,0.0,13.0,15.0,43.0,,,418.0,Dr Archana,AMT - OLD ,37%,13.1,,
,AMT-NEW,33.0,95.0,0,28.0,0.0,13.0,53.0,0.0,68.0,0.0,10.0,44.0,28.0,16.0,63.0,0.0,0.0,3.0,8.0,13.0,16.0,23.0,20.0,0.0,0.0,43.0,31.0,67.0,23.0,,,698.0,,AMT-NEW,63%,14.5,,
,PT- OLD ,2.0,0.0,0,0.0,3.0,2.0,0.0,0.0,0.0,0.0,2.0,2.0,1.0,1.0,1.0,0.0,0.0,2.0,1.0,1.0,2.0,4.0,0.0,0.0,2.0,0.0,1.0,2.0,3.0,,,32.0,,PT- OLD ,,40.0,,
,PT- NEW,2.0,2.0,0,2.0,0.0,2.0,3.0,0.0,3.0,0.0,1.0,3.0,1.0,2.0,4.0,0.0,0.0,1.0,1.0,1.0,2.0,3.0,2.0,0.0,0.0,4.0,2.0,4.0,3.0,,,48.0,,PT- NEW,Per PT,60.0,,
,Amt-ToT,46.0,95.0,0.0,28.0,16.0,43.0,53.0,0.0,68.0,0.0,43.0,71.0,40.0,46.0,75.0,0.0,0.0,38.0,23.0,38.0,59.0,49.0,20.0,0.0,30.0,43.0,44.0,82.0,66.0,0.0,0.0,1116.0,,Amt-ToT,,,,
,Pt-TOT,4.0,2.0,0.0,2.0,3.0,4.0,3.0,0.0,3.0,0.0,3.0,5.0,2.0,3.0,5.0,0.0,0.0,3.0,2.0,2.0,4.0,7.0,2.0,0.0,2.0,4.0,3.0,6.0,6.0,0.0,0.0,80.0,,Pt-TOT,,14.0,,
,March.24,,,,,,,,,,,,,,,,,,,,,,,,,,,,,,,,,,,,,,
Dr Divya,AMT - OLD ,0.0,55.5,65,69.5,51.8,54.5,36.8,0.0,59.5,45.0,53.5,60.8,15.5,22.0,0.0,38.0,24.0,8.5,42.0,41.8,29.0,0.0,63.5,73.5,45.8,30.0,29.5,9.8,0.0,12.5,39.5,1076.5,Dr Divya,AMT - OLD ,47%,6.0,,
,AMT-NEW,0.0,58.0,29.75,17.0,13.0,90.8,64.0,0.0,54.0,67.3,83.0,42.0,23.0,18.0,0.0,76.0,33.0,34.0,80.0,43.0,55.0,0.0,63.0,31.0,10.0,49.8,52.0,33.0,0.0,56.5,33.0,1209.0,,AMT-NEW,53%,7.4,,
,PT- OLD ,0,6,6.0,10.0,7.0,8.0,8.0,0.0,14.0,10.0,12.0,12.0,5.0,3.0,0.0,9.0,2.0,5.0,7.0,4.0,6.0,0.0,11.0,8.0,8.0,2.0,4.0,3.0,0.0,3.0,7.0,180.0,,PT- OLD ,,,,
,PT- NEW,0,8,4.0,3.0,3.0,10.0,7.0,0.0,10.0,12.0,8.0,5.0,4.0,3.0,0.0,9.0,5.0,4.0,7.0,6.0,7.0,0.0,12.0,6.0,2.0,6.0,5.0,6.0,0.0,9.0,3.0,164.0,,PT- NEW,Per PT,47.7,,
,Amt-ToT,0.0,113.5,94.8,86.5,64.8,145.3,100.8,0.0,113.5,112.3,136.5,102.8,38.5,40.0,0.0,114.0,57.0,42.5,122.0,84.8,84.0,0.0,126.5,104.5,55.8,79.8,81.5,42.8,0.0,69.0,72.5,2285.5,,Amt-ToT,,52.3,,
,Pt-TOT,0.0,14.0,10.0,13.0,10.0,18.0,15.0,0.0,24.0,22.0,20.0,17.0,9.0,6.0,0.0,18.0,7.0,9.0,14.0,10.0,13.0,0.0,23.0,14.0,10.0,8.0,9.0,9.0,0.0,12.0,10.0,344.0,,Pt-TOT,,6.6,,
Dr Parvathy ,AMT - OLD ,15.0,55.0,43.0,0.0,10.0,0.0,25.0,0.0,58.0,0.0,136.0,0.0,8.0,37.0,0.0,25.0,50.0,74.0,78.0,55.0,0.0,0.0,32.0,29.5,10.0,33.0,45.0,0.0,0.0,67.0,40.0,925.5,Dr Parvathy ,AMT - OLD ,42%,17.1,,
,AMT-NEW,80.0,128.0,19.5,20.0,18.0,0.0,0.0,0.0,121.0,31.0,164.0,0.0,31.0,65.0,0.0,231.0,52.0,8.0,6.0,0.0,18.0,0.0,48.8,38.5,9.0,41.0,19.0,57.0,0.0,52.0,34.5,1292.3,,AMT-NEW,58%,16.2,,
,PT- OLD ,1.0,4.0,2,0.0,1.0,0.0,2.0,0.0,5.0,0.0,4.0,0.0,1.0,2.0,0.0,2.0,3.0,4.0,4.0,4.0,0.0,0.0,2.0,2.0,1.0,3.0,2.0,0.0,0.0,5.0,0.0,54.0,,PT- OLD ,,40.3,,
,PT- NEW,5.0,5.0,2.0,1.0,2.0,0.0,0.0,0.0,3.0,2.0,5.0,0.0,3.0,5.0,0.0,6.0,4.0,2.0,2.0,0.0,1.0,0.0,7.0,3.0,3.0,2.0,3.0,4.0,0.0,6.0,4.0,80.0,,PT- NEW,Per PT,59.7,,
,Amt-ToT,95.0,183.0,62.5,20.0,28.0,0.0,25.0,0.0,179.0,31.0,300.0,0.0,39.0,102.0,0.0,256.0,102.0,82.0,84.0,55.0,18.0,0.0,80.8,68.0,19.0,74.0,64.0,57.0,0.0,119.0,74.5,2217.8,,Amt-ToT,,,,
,Pt-TOT,6.0,9.0,4.0,1.0,3.0,0.0,2.0,0.0,8.0,2.0,9.0,0.0,4.0,7.0,0.0,8.0,7.0,6.0,6.0,4.0,1.0,0.0,9.0,5.0,4.0,5.0,5.0,4.0,0.0,11.0,4.0,134.0,,Pt-TOT,,16.6,,
Dr Archana,AMT - OLD ,0.0,0.0,6.0,74.0,29.0,28.0,130.0,0.0,3.0,23.0,0.0,3.0,0.0,0.0,5.0,0.0,49.0,0.0,0.0,0.0,77.0,12.0,0.0,0.0,0.0,0.0,0.0,0.0,0.0,0.0,0.0,439.0,Dr Archana,AMT - OLD ,40%,20.0,,
,AMT-NEW,0.0,0.0,67,21.0,18.0,13.0,12.0,18.0,73.0,65.0,0.0,18.0,0.0,12.0,19.0,0.0,95.0,36.0,33.0,0.0,0.0,44.0,0.0,6.0,13.0,31.0,3.0,52.0,13.0,0.0,0.0,662.0,,AMT-NEW,60%,15.8,,
,PT- OLD ,0.0,0.0,2,5.0,2.0,2.0,2.0,0.0,1.0,2.0,0.0,1.0,0.0,0.0,1.0,0.0,1.0,0.0,0.0,0.0,2.0,1.0,0.0,0.0,0.0,0.0,0.0,0.0,0.0,0.0,0.0,22.0,,PT- OLD ,,34.4,,
,PT- NEW,0.0,0.0,5,2.0,1.0,1.0,1.0,1.0,5.0,4.0,0.0,1.0,0.0,1.0,3.0,0.0,2.0,1.0,1.0,0.0,0.0,3.0,0.0,2.0,1.0,1.0,3.0,2.0,1.0,0.0,0.0,42.0,,PT- NEW,Per PT,65.6,,
,Amt-ToT,0.0,0.0,73.0,95.0,47.0,41.0,142.0,18.0,76.0,88.0,0.0,21.0,0.0,12.0,24.0,0.0,144.0,36.0,33.0,0.0,77.0,56.0,0.0,6.0,13.0,31.0,3.0,52.0,13.0,0.0,0.0,1101.0,,Amt-ToT,,,,
,Pt-TOT,0.0,0.0,7.0,7.0,3.0,3.0,3.0,1.0,6.0,6.0,0.0,2.0,0.0,1.0,4.0,0.0,3.0,1.0,1.0,0.0,2.0,4.0,0.0,2.0,1.0,1.0,3.0,2.0,1.0,0.0,0.0,64.0,,Pt-TOT,,17.2,,
,,,,,,,,,,,,,,,,,,,,,,,,,,,,,,,,,,,,,,,
,Apr--2024,1,2,3,4,5,6,7,8,9,10,11,12,13,14,15,16,17,18,19,20,21,22,23,24,25,26,27,28,29,30,31,TOTAL ,,Jan--2024,%,Per Pt ,,
Dr Divya,AMT - OLD ,44.8,6.0,0,14.5,0.0,20.5,0.5,82.5,0.0,0.0,0.0,0.0,10.5,13.0,113.5,56.5,10.0,8.0,0.0,50.5,78.5,107.5,44.0,60.5,22.5,0.0,19.0,14.5,38.0,55.0,,870.3,Dr Divya,AMT - OLD ,44%,5.8,,
,AMT-NEW,45.0,11.0,46,15.0,0.0,124.0,11.0,32.0,0.0,0.0,0.0,0.0,42.0,27.0,91.0,60.0,47.5,72.0,0.0,65.0,44.0,21.0,23.0,37.0,86.0,0.0,98.5,59.0,24.0,14.0,,1095.0,,AMT-NEW,56%,7.8,,
,PT- OLD ,6,4,0.0,2.0,0.0,6.0,1.0,12.0,0.0,0.0,0.0,0.0,6.0,4.0,13.0,7.0,3.0,4.0,0.0,4.0,12.0,12.0,11.0,12.0,6.0,0.0,3.0,4.0,10.0,7.0,,149.0,,PT- OLD ,,,,
,PT- NEW,8,2,6.0,3.0,0.0,15.0,3.0,8.0,0.0,0.0,0.0,0.0,3.0,3.0,9.0,9.0,7.0,7.0,0.0,10.0,8.0,4.0,4.0,2.0,7.0,0.0,12.0,6.0,4.0,1.0,,141.0,,PT- NEW,Per PT,48.6,,
,Amt-ToT,89.8,17.0,46.0,29.5,0.0,144.5,11.5,114.5,0.0,0.0,0.0,0.0,52.5,40.0,204.5,116.5,57.5,80.0,0.0,115.5,122.5,128.5,67.0,97.5,108.5,0.0,117.5,73.5,62.0,69.0,0.0,1965.3,,Amt-ToT,,51.4,,
,Pt-TOT,14.0,6.0,6.0,5.0,0.0,21.0,4.0,20.0,0.0,0.0,0.0,0.0,9.0,7.0,22.0,16.0,10.0,11.0,0.0,14.0,20.0,16.0,15.0,14.0,13.0,0.0,15.0,10.0,14.0,8.0,0.0,290.0,,Pt-TOT,,6.8,,
Dr Parvathy ,AMT - OLD ,40.0,28.0,23.0,15.0,0.0,25.0,58.0,34.5,0.0,0.0,0.0,0.0,23.0,23.0,0.0,76.0,15.0,32.0,0.0,64.5,40.0,35.0,20.0,50.0,112.0,0.0,83.0,71.0,107.0,20.0,,995.0,Dr Parvathy ,AMT - OLD ,34%,16.3,,
,AMT-NEW,50.0,34.0,81.0,37.0,0.0,141.0,166.0,57.0,0.0,0.0,0.0,0.0,168.0,13.0,79.0,52.0,45.0,120.0,0.0,129.0,94.0,64.0,61.0,73.0,90.0,0.0,237.0,79.5,73.0,21.0,,1964.5,,AMT-NEW,66%,19.3,,
,PT- OLD ,3.0,2.0,2,1.0,0.0,2.0,3.0,5.0,0.0,0.0,0.0,0.0,2.0,2.0,0.0,3.0,1.0,3.0,0.0,5.0,3.0,2.0,1.0,3.0,4.0,0.0,6.0,4.0,3.0,1.0,,61.0,,PT- OLD ,,37.4,,
,PT- NEW,4.0,3.0,7.0,4.0,0.0,7.0,3.0,4.0,0.0,0.0,0.0,0.0,10.0,1.0,3.0,4.0,5.0,5.0,0.0,8.0,4.0,3.0,4.0,3.0,6.0,0.0,8.0,2.0,2.0,2.0,,102.0,,PT- NEW,Per PT,62.6,,
,Amt-ToT,90.0,62.0,104.0,52.0,0.0,166.0,224.0,91.5,0.0,0.0,0.0,0.0,191.0,36.0,79.0,128.0,60.0,152.0,0.0,193.5,134.0,99.0,81.0,123.0,202.0,0.0,320.0,150.5,180.0,41.0,0.0,2959.5,,Amt-ToT,,,,
,Pt-TOT,7.0,5.0,9.0,5.0,0.0,9.0,6.0,9.0,0.0,0.0,0.0,0.0,12.0,3.0,3.0,7.0,6.0,8.0,0.0,13.0,7.0,5.0,5.0,6.0,10.0,0.0,14.0,6.0,5.0,3.0,0.0,163.0,,Pt-TOT,,18.2,,
Dr Archana,AMT - OLD ,0.0,0.0,35.0,16.0,0.0,0.0,0.0,0.0,0.0,0.0,0.0,0.0,0.0,0.0,0.0,0.0,0.0,0.0,0.0,0.0,0.0,0.0,0.0,0.0,0.0,0.0,0.0,0.0,0.0,0.0,0.0,51.0,Dr Archana,AMT - OLD ,43%,17.0,,
,AMT-NEW,3.0,0.0,39,25.5,0.0,0.0,0.0,0.0,0.0,0.0,0.0,0.0,0.0,0.0,0.0,0.0,0.0,0.0,0.0,0.0,0.0,0.0,0.0,0.0,0.0,0.0,0.0,0.0,0.0,0.0,0.0,67.5,,AMT-NEW,57%,11.3,,
,PT- OLD ,0.0,0.0,1,2.0,0.0,0.0,0.0,0.0,0.0,0.0,0.0,0.0,0.0,0.0,0.0,0.0,0.0,0.0,0.0,0.0,0.0,0.0,0.0,0.0,0.0,0.0,0.0,0.0,0.0,0.0,0.0,3.0,,PT- OLD ,,33,,
,PT- NEW,1.0,0.0,2,3.0,0.0,0.0,0.0,0.0,0.0,0.0,0.0,0.0,0.0,0.0,0.0,0.0,0.0,0.0,0.0,0.0,0.0,0.0,0.0,0.0,0.0,0.0,0.0,0.0,0.0,0.0,0.0,6.0,,PT- NEW,Per PT,67,,
,Amt-ToT,3.0,0.0,74.0,41.5,0.0,0.0,0.0,0.0,0.0,0.0,0.0,0.0,0.0,0.0,0.0,0.0,0.0,0.0,0.0,0.0,0.0,0.0,0.0,0.0,0.0,0.0,0.0,0.0,0.0,0.0,0.0,118.5,,Amt-ToT,,,,
,Pt-TOT,1.0,0.0,3.0,5.0,0.0,0.0,0.0,0.0,0.0,0.0,0.0,0.0,0.0,0.0,0.0,0.0,0.0,0.0,0.0,0.0,0.0,0.0,0.0,0.0,0.0,0.0,0.0,0.0,0.0,0.0,0.0,9.0,,Pt-TOT,,13.2,,
,,,,,,,,,,,,,,,,,,,,,,,,,,,,,,,,,,,,,,,
,May--2024,1,2,3,4,5,6,7,8,9,10,11,12,13,14,15,16,17,18,19,20,21,22,23,24,25,26,27,28,29,30,31,TOTAL ,,MAy--2024,%,Per Pt ,,
Dr Divya,AMT - OLD ,71.0,16.0,0,55.0,38.0,26.0,62.0,93.0,47.0,0.0,96.5,33.0,68.0,27.0,31.5,42.0,0.0,41.8,16.0,68.0,27.0,50.0,82.0,0.0,99.5,33.5,35.0,42.5,46.0,41.0,0.0,1288.3,Dr Divya,AMT - OLD ,48%,6.4,,
,AMT-NEW,58.0,23.0,0,86.0,71.0,31.8,55.0,9.8,44.8,0.0,38.0,72.0,19.0,111.0,53.0,77.0,0.0,94.8,117.5,0.0,40.0,36.5,47.8,0.0,87.0,50.0,50.0,5.0,64.9,32.0,0.0,1374.7,,AMT-NEW,52%,9.0,,
,PT- OLD ,7,4,0.0,7.0,6.0,8.0,10.0,10.0,8.0,0.0,17.0,13.0,7.0,4.0,7.0,6.0,0.0,8.0,1.0,6.0,8.0,7.0,11.0,0.0,9.0,8.0,8.0,5.0,7.0,8.0,0.0,200.0,,PT- OLD ,,,,
,PT- NEW,5,2,0.0,8.0,6.0,5.0,6.0,2.0,6.0,0.0,5.0,7.0,5.0,10.0,6.0,8.0,0.0,8.0,7.0,0.0,7.0,3.0,7.0,0.0,11.0,8.0,8.0,1.0,8.0,4.0,0.0,153.0,,PT- NEW,Per PT,43.3,,
,Amt-ToT,129.0,39.0,0.0,141.0,109.0,57.8,117.0,102.8,91.8,0.0,134.5,105.0,87.0,138.0,84.5,119.0,0.0,136.5,133.5,68.0,67.0,86.5,129.8,0.0,186.5,83.5,85.0,47.5,110.9,73.0,0.0,2662.9,,Amt-ToT,,56.7,,
,Pt-TOT,12.0,6.0,0.0,15.0,12.0,13.0,16.0,12.0,14.0,0.0,22.0,20.0,12.0,14.0,13.0,14.0,0.0,16.0,8.0,6.0,15.0,10.0,18.0,0.0,20.0,16.0,16.0,6.0,15.0,12.0,0.0,353.0,,Pt-TOT,,7.5,,
Dr Parvathy ,AMT - OLD ,34.0,35.0,0.0,52.0,44.0,57.0,64.0,40.0,0.0,0.0,205.0,80.0,5.0,23.0,20.0,46.0,0.0,105.0,5.0,88.0,55.0,20.0,38.0,0.0,61.0,45.0,55.0,42.0,0.0,0.0,15.0,1234.0,Dr Parvathy ,AMT - OLD ,52%,20.9,,
,AMT-NEW,42.0,30.0,0.0,13.0,39.0,196.0,48.0,3.0,0.0,44.0,97.0,0.0,31.0,26.0,26.0,33.0,0.0,89.0,33.0,18.0,13.0,0.0,6.0,0.0,158.0,18.0,43.0,26.0,36.0,0.0,50.0,1118.0,,AMT-NEW,48%,17.7,,
,PT- OLD ,2.0,2.0,0,3.0,3.0,3.0,4.0,1.0,0.0,0.0,6.0,3.0,1.0,1.0,1.0,3.0,0.0,4.0,1.0,6.0,2.0,1.0,1.0,0.0,4.0,1.0,2.0,3.0,0.0,0.0,1.0,59.0,,PT- OLD ,,48.4,,
,PT- NEW,4.0,2.0,0.0,1.0,4.0,6.0,2.0,1.0,0.0,1.0,6.0,0.0,2.0,2.0,2.0,1.0,0.0,4.0,2.0,1.0,1.0,0.0,4.0,0.0,7.0,1.0,2.0,2.0,2.0,0.0,3.0,63.0,,PT- NEW,Per PT,51.6,,
,Amt-ToT,76.0,65.0,0.0,65.0,83.0,253.0,112.0,43.0,0.0,44.0,302.0,80.0,36.0,49.0,46.0,79.0,0.0,194.0,38.0,106.0,68.0,20.0,44.0,0.0,219.0,63.0,98.0,68.0,36.0,0.0,65.0,2352.0,,Amt-ToT,,,,
,Pt-TOT,6.0,4.0,0.0,4.0,7.0,9.0,6.0,2.0,0.0,1.0,12.0,3.0,3.0,3.0,3.0,4.0,0.0,8.0,3.0,7.0,3.0,1.0,5.0,0.0,11.0,2.0,4.0,5.0,2.0,0.0,4.0,122.0,,Pt-TOT,,19.3,,
Dr Archana,AMT - OLD ,0.0,0.0,0.0,0.0,0.0,0.0,0.0,18.0,0.0,0.0,0.0,0.0,0.0,22.0,24.0,10.0,0.0,0.0,3.0,0.0,0.0,28.0,0.0,0.0,0.0,40.0,0.0,0.0,37.0,59.0,0.0,241.0,Dr Archana,AMT - OLD ,32%,15.1,,624
,AMT-NEW,0.0,0.0,0.0,0.0,0.0,0.0,16.0,16.0,98.0,0.0,0.0,3.0,6.0,49.0,27.0,26.0,0.0,0.0,21.4,0.0,13.0,27.0,20.0,3.0,0.0,67.8,26.0,6.0,53.0,25.0,0.0,503.1,,AMT-NEW,68%,12.0,,
,PT- OLD ,0.0,0.0,0.0,0.0,0.0,0.0,0.0,2.0,0.0,0.0,0.0,0.0,0.0,1.0,1.0,1.0,0.0,0.0,1.0,0.0,0.0,2.0,0.0,0.0,0.0,2.0,0.0,0.0,2.0,4.0,0.0,16.0,,PT- OLD ,,28,,
,PT- NEW,0.0,0.0,0.0,0.0,0.0,0.0,1.0,2.0,3.0,0.0,0.0,1.0,2.0,3.0,3.0,2.0,0.0,0.0,3.0,0.0,1.0,4.0,2.0,1.0,0.0,3.0,2.0,2.0,2.0,5.0,0.0,42.0,,PT- NEW,Per PT,72,,
,Amt-ToT,0.0,0.0,0.0,0.0,0.0,0.0,16.0,34.0,98.0,0.0,0.0,3.0,6.0,71.0,51.0,36.0,0.0,0.0,24.4,0.0,13.0,55.0,20.0,3.0,0.0,107.8,26.0,6.0,90.0,84.0,0.0,744.1,,Amt-ToT,,,,
,Pt-TOT,0.0,0.0,0.0,0.0,0.0,0.0,1.0,4.0,3.0,0.0,0.0,1.0,2.0,4.0,4.0,3.0,0.0,0.0,4.0,0.0,1.0,6.0,2.0,1.0,0.0,5.0,2.0,2.0,4.0,9.0,0.0,58.0,,Pt-TOT,,12.8,,
,,,,,,,,,,,,,,,,,,,,,,,,,,,,,,,,,,,,,,,
,JUNE--2024,1,2,3,4,5,6,7,8,9,10,11,12,13,14,15,16,17,18,19,20,21,22,23,24,25,26,27,28,29,30,31,TOTAL ,,MAy--2024,%,Per Pt ,,
Dr Divya,AMT - OLD ,26.0,34.5,41,51.0,4.0,41.0,0.0,45.5,18.0,15.0,64.0,31.5,38.0,0.0,25.0,40.0,0.0,0.0,0.0,0.0,0.0,63.5,34.5,58.5,45.5,47.5,26.5,0.0,41.5,84.0,0.0,876.0,Dr Divya,AMT - OLD ,45%,6.6,,
,AMT-NEW,65.8,35.5,31,15.0,20.0,64.0,0.0,68.0,17.0,91.0,37.5,84.0,42.0,0.0,61.0,26.5,0.0,0.0,0.0,0.0,0.0,90.5,27.0,87.0,86.0,20.0,35.0,0.0,20.0,47.0,0.0,1070.8,,AMT-NEW,55%,8.5,,
,PT- OLD ,4,7,5.0,10.0,3.0,8.0,0.0,8.0,5.0,4.0,5.0,9.0,7.0,0.0,3.0,2.0,0.0,0.0,0.0,0.0,0.0,10.0,5.0,7.0,6.0,7.0,3.0,0.0,8.0,6.0,0.0,132.0,,PT- OLD ,,,,
,PT- NEW,8,6,4.0,3.0,4.0,8.0,0.0,8.0,2.0,8.0,4.0,9.0,3.0,0.0,10.0,7.0,0.0,0.0,0.0,0.0,0.0,9.0,3.0,8.0,8.0,2.0,4.0,0.0,4.0,4.0,0.0,126.0,,PT- NEW,Per PT,48.8,,
,Amt-ToT,91.8,70.0,72.0,66.0,24.0,105.0,0.0,113.5,35.0,106.0,101.5,115.5,80.0,0.0,86.0,66.5,0.0,0.0,0.0,0.0,0.0,154.0,61.5,145.5,131.5,67.5,61.5,0.0,61.5,131.0,0.0,1946.8,,Amt-ToT,,51.2,,
,Pt-TOT,12.0,13.0,9.0,13.0,7.0,16.0,0.0,16.0,7.0,12.0,9.0,18.0,10.0,0.0,13.0,9.0,0.0,0.0,0.0,0.0,0.0,19.0,8.0,15.0,14.0,9.0,7.0,0.0,12.0,10.0,0.0,258.0,,Pt-TOT,,7.5,,
Dr Parvathy ,AMT - OLD ,95.0,63.0,50.0,10.0,25.0,0.0,0.0,64.0,49.0,50.0,51.0,0.0,23.0,0.0,,,0.0,0.0,0.0,0.0,0.0,0.0,0.0,0.0,0.0,0.0,0.0,0.0,0.0,0.0,0.0,480.0,Dr Parvathy ,AMT - OLD ,52%,18.5,,
,AMT-NEW,97.0,34.0,0.0,107.0,26.0,0.0,20.0,94.0,23.0,20.0,3.0,3.0,17.0,0.0,,,0.0,0.0,0.0,0.0,0.0,0.0,0.0,0.0,0.0,0.0,0.0,0.0,0.0,0.0,0.0,444.0,,AMT-NEW,48%,14.8,,
,PT- OLD ,6.0,3.0,2,1.0,2.0,0.0,0.0,2.0,3.0,3.0,3.0,0.0,1.0,0.0,,,0.0,0.0,0.0,0.0,0.0,0.0,0.0,0.0,0.0,0.0,0.0,0.0,0.0,0.0,0.0,26.0,,PT- OLD ,,46.4,,
,PT- NEW,4.0,3.0,0.0,5.0,2.0,0.0,2.0,7.0,2.0,1.0,1.0,1.0,2.0,0.0,,,0.0,0.0,0.0,0.0,0.0,0.0,0.0,0.0,0.0,0.0,0.0,0.0,0.0,0.0,0.0,30.0,,PT- NEW,Per PT,53.6,,
,Amt-ToT,192.0,97.0,50.0,117.0,51.0,0.0,20.0,158.0,72.0,70.0,54.0,3.0,40.0,0.0,0.0,0.0,0.0,0.0,0.0,0.0,0.0,0.0,0.0,0.0,0.0,0.0,0.0,0.0,0.0,0.0,0.0,924.0,,Amt-ToT,,,,
,Pt-TOT,10.0,6.0,2.0,6.0,4.0,0.0,2.0,9.0,5.0,4.0,4.0,1.0,3.0,0.0,0.0,0.0,0.0,0.0,0.0,0.0,0.0,0.0,0.0,0.0,0.0,0.0,0.0,0.0,0.0,0.0,0.0,56.0,,Pt-TOT,,16.5,,
Dr Archana,AMT - OLD ,0.0,33.0,3.0,15.0,0.0,0.0,3.0,0.0,26.0,0.0,26.0,20.0,0.0,13.0,,,0.0,0.0,0.0,0.0,0.0,13.0,20.0,0.0,27.0,15.0,16.8,0.0,55.0,45.0,0.0,330.8,Dr Archana,AMT - OLD ,29%,12.7,,
,AMT-NEW,0.0,8.0,18.0,28.0,118.0,0.0,51.0,107.0,0.0,107.0,0.0,32.8,110.0,36.0,,,0.0,0.0,0.0,0.0,0.0,34.0,33.5,3.0,6.0,13.0,29.0,0.0,37.0,44.8,0.0,816.0,,AMT-NEW,71%,9.5,,
,PT- OLD ,0.0,3.0,1.0,1.0,0.0,0.0,0.0,0.0,1.0,0.0,1.0,3.0,0.0,1.0,,,0.0,0.0,0.0,0.0,0.0,2.0,1.0,0.0,2.0,1.0,2.0,0.0,5.0,2.0,0.0,26.0,,PT- OLD ,,23,,
,PT- NEW,0.0,2.0,3.0,1.0,5.0,0.0,7.0,4.0,26.0,4.0,0.0,3.0,2.0,3.0,,,0.0,0.0,0.0,0.0,0.0,4.0,4.0,1.0,2.0,1.0,3.0,0.0,5.0,6.0,0.0,86.0,,PT- NEW,Per PT,77,,
,Amt-ToT,0.0,41.0,21.0,43.0,118.0,0.0,54.0,107.0,26.0,107.0,26.0,52.8,110.0,49.0,0.0,0.0,0.0,0.0,0.0,0.0,0.0,47.0,53.5,3.0,33.0,28.0,45.8,0.0,92.0,89.8,0.0,1146.8,,Amt-ToT,,,,
,Pt-TOT,0.0,5.0,4.0,2.0,5.0,0.0,7.0,4.0,27.0,4.0,1.0,6.0,2.0,4.0,0.0,0.0,0.0,0.0,0.0,0.0,0.0,6.0,5.0,1.0,4.0,2.0,5.0,0.0,10.0,8.0,0.0,112.0,,Pt-TOT,,10.2,,
,July.24,,,,,,,,,,,,,,,,,,,,,,,,,,,,,,,,,,,,,,
Dr Divya,AMT - OLD ,29.3,31.0,12.5,24.0,0.0,56.0,36.8,5.5,51.0,51.0,28.5,0.0,59.9,54.5,27.0,36.0,10.5,34.5,0.0,96.5,43.0,83.0,40.0,20.0,47.0,0.0,43.5,9.5,6.0,19.0,105.5,1060.9,Dr Divya,AMT - OLD ,46%,6.0,,
,AMT-NEW,5.0,93.0,38,12.0,0.0,138.0,108.0,26.0,21.0,28.0,26.0,0.0,37.0,42.0,73.0,41.5,57.0,33.0,0.0,54.0,48.0,62.0,73.3,26.5,0.0,0.0,70.0,20.0,61.0,18.0,40.0,1251.3,,AMT-NEW,54%,8.3,,
,PT- OLD ,5,4,4.0,7.0,0.0,10.0,5.0,2.0,7.0,5.0,6.0,0.0,10.0,8.0,10.0,6.0,2.0,6.0,0.0,11.0,5.0,12.0,7.0,4.0,3.0,0.0,10.0,5.0,9.0,2.0,12.0,177.0,,PT- OLD ,,,,
,PT- NEW,1,10,4.0,2.0,0.0,13.0,15.0,5.0,4.0,2.0,4.0,0.0,6.0,7.0,7.0,7.0,5.0,4.0,0.0,5.0,4.0,6.0,8.0,4.0,0.0,0.0,6.0,4.0,6.0,6.0,6.0,151.0,,PT- NEW,Per PT,46.0,,
,Amt-ToT,34.3,124.0,50.5,36.0,0.0,194.0,144.8,31.5,72.0,79.0,54.5,0.0,96.9,96.5,100.0,77.5,67.5,67.5,0.0,150.5,91.0,145.0,113.3,46.5,47.0,0.0,113.5,29.5,67.0,37.0,145.5,2312.2,,Amt-ToT,,54.0,,
,Pt-TOT,6.0,14.0,8.0,9.0,0.0,23.0,20.0,7.0,11.0,7.0,10.0,0.0,16.0,15.0,17.0,13.0,7.0,10.0,0.0,16.0,9.0,18.0,15.0,8.0,3.0,0.0,16.0,9.0,15.0,8.0,18.0,328.0,,Pt-TOT,,7.0,,
Dr Parvathy ,AMT - OLD ,0.0,0.0,0.0,0.0,0.0,0.0,0.0,0.0,0.0,0.0,0.0,0.0,0.0,0.0,0.0,0.0,0.0,0.0,0.0,0.0,0.0,0.0,0.0,0.0,0.0,0.0,0.0,0.0,0.0,0.0,0.0,0.0,Dr Parvathy ,AMT - OLD ,,,,
,AMT-NEW,0.0,0.0,0.0,0.0,0.0,0.0,0.0,0.0,0.0,0.0,0.0,0.0,0.0,0.0,0.0,0.0,0.0,0.0,0.0,0.0,0.0,0.0,0.0,0.0,0.0,0.0,0.0,0.0,0.0,0.0,0.0,0.0,,AMT-NEW,,,,
,PT- OLD ,0.0,0.0,0.0,0.0,0.0,0.0,0.0,0.0,0.0,0.0,0.0,0.0,0.0,0.0,0.0,0.0,0.0,0.0,0.0,0.0,0.0,0.0,0.0,0.0,0.0,0.0,0.0,0.0,0.0,0.0,0.0,0.0,,PT- OLD ,,,,
,PT- NEW,0.0,0.0,0.0,0.0,0.0,0.0,0.0,0.0,0.0,0.0,0.0,0.0,0.0,0.0,0.0,0.0,0.0,0.0,0.0,0.0,0.0,0.0,0.0,0.0,0.0,0.0,0.0,0.0,0.0,0.0,0.0,0.0,,PT- NEW,Per PT,,,
,Amt-ToT,0.0,0.0,0.0,0.0,0.0,0.0,0.0,0.0,0.0,0.0,0.0,0.0,0.0,0.0,0.0,0.0,0.0,0.0,0.0,0.0,0.0,0.0,0.0,0.0,0.0,0.0,0.0,0.0,0.0,0.0,0.0,0.0,,Amt-ToT,,,,
,Pt-TOT,0.0,0.0,0.0,0.0,0.0,0.0,0.0,0.0,0.0,0.0,0.0,0.0,0.0,0.0,0.0,0.0,0.0,0.0,0.0,0.0,0.0,0.0,0.0,0.0,0.0,0.0,0.0,0.0,0.0,0.0,0.0,0.0,,Pt-TOT,,,,
Dr Archana,AMT - OLD ,47.0,28.0,14.0,65.5,15.0,28.0,0.0,5.0,13.0,78.0,0.0,48.0,16.0,25.0,5.0,39.0,30.0,30.0,0.0,15.0,22.0,43.0,5.0,49.0,88.0,0.0,31.0,59.0,50.0,16.0,3.0,867.5,Dr Archana,AMT - OLD ,35%,14.7,,
,AMT-NEW,18.0,37.5,24.0,0.0,84.0,69.0,75.0,107.0,44.0,47.0,0.0,51.0,109.0,73.0,43.0,49.0,76.0,76.0,0.0,68.0,43.0,32.0,79.8,28.0,55.0,0.0,139.0,68.0,22.8,25.0,54.0,1597.0,,AMT-NEW,65%,12.8,,
,PT- OLD ,3.0,2.0,1.0,3.0,1.0,2.0,0.0,1.0,1.0,2.0,0.0,4.0,2.0,3.0,1.0,3.0,1.0,1.0,0.0,1.0,2.0,2.0,1.0,4.0,4.0,0.0,3.0,4.0,4.0,2.0,1.0,59.0,,PT- OLD ,,32,,
,PT- NEW,3.0,5.0,3.0,0.0,4.0,6.0,5.0,7.0,3.0,4.0,0.0,2.0,9.0,4.0,5.0,2.0,4.0,4.0,0.0,4.0,6.0,4.0,7.0,4.0,5.0,0.0,9.0,6.0,3.0,4.0,3.0,125.0,,PT- NEW,Per PT,68,,
,Amt-ToT,65.0,65.5,38.0,65.5,99.0,97.0,75.0,112.0,57.0,125.0,0.0,99.0,125.0,98.0,48.0,88.0,106.0,106.0,0.0,83.0,65.0,75.0,84.8,77.0,143.0,0.0,170.0,127.0,72.8,41.0,57.0,2464.5,,Amt-ToT,,,,
,Pt-TOT,6.0,7.0,4.0,3.0,5.0,8.0,5.0,8.0,4.0,6.0,0.0,6.0,11.0,7.0,6.0,5.0,5.0,5.0,0.0,5.0,8.0,6.0,8.0,8.0,9.0,0.0,12.0,10.0,7.0,6.0,4.0,184.0,,Pt-TOT,,13.4,,
,,,,,,,,,,,,,,,,,,,,,,,,,,,,,,,,,,,,,,,
,Aug--2024,1,2,3,4,5,6,7,8,9,10,11,12,13,14,15,16,17,18,19,20,21,22,23,24,25,26,27,28,29,30,31,TOTAL ,,MAy--2024,%,Per Pt ,,
Dr Divya,AMT - OLD ,100.5,0.0,58,58.5,12.0,27.0,16.0,20.0,0.0,65.0,18.5,26.0,42.5,69.5,31.0,0.0,53.0,9.5,19.0,43.0,53.0,27.0,0.0,29.5,0.0,15.0,5.5,61.0,25.0,0.0,94.3,979.3,Dr Divya,AMT - OLD ,47%,7.5,,
,AMT-NEW,31.7,0.0,25,51.0,48.0,92.5,45.0,5.0,0.0,88.0,18.0,41.0,22.0,48.0,20.0,0.0,49.0,48.0,11.0,49.0,29.7,29.0,0.0,93.0,0.0,53.0,9.5,12.0,64.0,0.0,104.0,1086.4,,AMT-NEW,53%,9.4,,
,PT- OLD ,13,0,7.0,9.0,2.0,3.0,2.0,3.0,0.0,9.0,2.0,4.0,5.0,6.0,4.0,0.0,7.0,4.0,3.0,7.0,7.0,4.0,0.0,4.0,0.0,2.0,2.0,9.0,3.0,0.0,9.0,130.0,,PT- OLD ,,,,
,PT- NEW,6,0,5.0,3.0,4.0,12.0,2.0,1.0,0.0,8.0,3.0,3.0,4.0,4.0,2.0,0.0,4.0,4.0,3.0,4.0,4.0,4.0,0.0,10.0,0.0,3.0,2.0,1.0,7.0,0.0,12.0,115.0,,PT- NEW,Per PT,46.9,,
,Amt-ToT,132.2,0.0,83.0,109.5,60.0,119.5,61.0,25.0,0.0,153.0,36.5,67.0,64.5,117.5,51.0,0.0,102.0,57.5,30.0,92.0,82.7,56.0,0.0,122.5,0.0,68.0,15.0,73.0,89.0,0.0,198.3,2065.7,,Amt-ToT,,53.1,,
,Pt-TOT,19.0,0.0,12.0,12.0,6.0,15.0,4.0,4.0,0.0,17.0,5.0,7.0,9.0,10.0,6.0,0.0,11.0,8.0,6.0,11.0,11.0,8.0,0.0,14.0,0.0,5.0,4.0,10.0,10.0,0.0,21.0,245.0,,Pt-TOT,,8.4,,
Dr Parvathy ,AMT - OLD ,0.0,0.0,0.0,15.0,13.0,43.0,38.0,20.0,0.0,76.7,0.0,16.0,8.0,56.0,0.0,5.0,42.0,38.0,105.0,12.0,0.0,15.0,0.0,93.0,0.0,60.0,40.0,20.0,0.0,0.0,5.0,720.7,Dr Parvathy ,AMT - OLD ,44%,18.5,,
,AMT-NEW,0.0,0.0,0.0,63.0,45.0,37.0,3.0,0.0,0.0,96.5,0.0,30.0,3.0,3.0,0.0,0.0,183.0,18.0,3.0,0.0,0.0,3.0,0.0,71.0,0.0,18.0,62.0,31.0,0.0,187.0,44.0,900.5,,AMT-NEW,56%,22.0,,
,PT- OLD ,0.0,0.0,0.0,1.0,1.0,2.0,2.0,1.0,0.0,4.0,0.0,1.0,2.0,2.0,0.0,1.0,2.0,3.0,2.0,1.0,0.0,1.0,0.0,5.0,0.0,4.0,1.0,1.0,0.0,0.0,2.0,39.0,,PT- OLD ,,48.8,,
,PT- NEW,0.0,0.0,0.0,3.0,3.0,1.0,0.0,0.0,0.0,9.0,0.0,1.0,1.0,0.0,0.0,0.0,6.0,1.0,1.0,0.0,0.0,1.0,0.0,3.0,0.0,1.0,4.0,1.0,0.0,5.0,0.0,41.0,,PT- NEW,Per PT,51.3,,
,Amt-ToT,0.0,0.0,0.0,78.0,58.0,80.0,41.0,20.0,0.0,173.2,0.0,46.0,11.0,59.0,0.0,5.0,225.0,56.0,108.0,12.0,0.0,18.0,0.0,164.0,0.0,78.0,102.0,51.0,0.0,187.0,49.0,1621.2,,Amt-ToT,,,,
,Pt-TOT,0.0,0.0,0.0,4.0,4.0,3.0,2.0,1.0,0.0,13.0,0.0,2.0,3.0,2.0,0.0,1.0,8.0,4.0,3.0,1.0,0.0,2.0,0.0,8.0,0.0,5.0,5.0,2.0,0.0,5.0,2.0,80.0,,Pt-TOT,,20.3,,
Dr Archana,AMT - OLD ,32.0,0.0,108.0,33.0,63.0,35.0,0.0,30.0,0.0,0.0,28.0,30.0,0.0,0.0,21.0,0.0,6.0,0.0,10.0,0.0,4.7,60.0,15.0,0.0,6.0,15.0,0.0,78.5,0.0,0.0,68.0,643.2,Dr Archana,AMT - OLD ,54%,17.9,,
,AMT-NEW,21.0,0.0,27.0,70.0,14.0,3.0,26.0,18.0,3.0,0.0,9.0,41.0,3.0,15.0,3.0,0.0,24.8,0.0,0.0,0.0,18.0,3.0,33.0,0.0,46.0,29.0,18.0,6.0,69.0,0.0,54.0,553.8,,AMT-NEW,46%,13.2,,
,PT- OLD ,3.0,0.0,2.0,1.0,2.0,2.0,0.0,3.0,0.0,0.0,2.0,2.0,0.0,0.0,2.0,0.0,2.0,0.0,1.0,0.0,1.0,2.0,1.0,0.0,2.0,2.0,1.0,3.0,0.0,0.0,2.0,36.0,,PT- OLD ,,46,,
,PT- NEW,2.0,0.0,4.0,2.0,3.0,1.0,2.0,1.0,1.0,0.0,3.0,2.0,1.0,1.0,1.0,0.0,2.0,0.0,0.0,0.0,1.0,1.0,1.0,0.0,3.0,3.0,0.0,2.0,3.0,0.0,2.0,42.0,,PT- NEW,Per PT,54,,
,Amt-ToT,53.0,0.0,135.0,103.0,77.0,38.0,26.0,48.0,3.0,0.0,37.0,71.0,3.0,15.0,24.0,0.0,30.8,0.0,10.0,0.0,22.7,63.0,48.0,0.0,52.0,44.0,18.0,84.5,69.0,0.0,122.0,1197.0,,Amt-ToT,,,,
,Pt-TOT,5.0,0.0,6.0,3.0,5.0,3.0,2.0,4.0,1.0,0.0,5.0,4.0,1.0,1.0,3.0,0.0,4.0,0.0,1.0,0.0,2.0,3.0,2.0,0.0,5.0,5.0,1.0,5.0,3.0,0.0,4.0,78.0,,Pt-TOT,,15.3,,
,,,,,,,,,,,,,,,,,,,,,,,,,,,,,,,,,,,,,,,
,sep.24 tk1,1,2,3,4,5,6,7,8,9,10,11,12,13,14,15,16,17,18,19,20,21,22,23,24,25,26,27,28,29,30,31,TOTAL ,,MAy--2024,%,Per Pt ,,
Dr Parvathy ,AMT - OLD ,38.0,0.0,23.0,25.0,0.0,0.0,70.0,0.0,58.0,58.0,10.0,0.0,0.0,158.8,0.0,18.0,35.0,8.0,20.0,0.0,106.0,10.0,18.0,18.0,0.0,30.0,0.0,0.0,0.0,20.0,,723.8,Dr Parvathy ,AMT - OLD ,62%,19.0,,
,AMT-NEW,33.0,0.0,35.0,0.0,8.0,0.0,102.0,0.0,41.0,3.0,0.0,5.0,0.0,13.0,0.0,28.0,15.0,0.0,0.0,0.0,58.0,18.0,18.0,0.0,0.0,0.0,0.0,31.0,13.0,15.0,,436.0,,AMT-NEW,38%,18.2,,
,PT- OLD ,4.0,0.0,1.0,2.0,0.0,0.0,4.0,0.0,3.0,2.0,1.0,0.0,0.0,6.0,0.0,2.0,1.0,1.0,1.0,0.0,3.0,1.0,2.0,2.0,0.0,1.0,0.0,0.0,0.0,1.0,,38.0,,PT- OLD ,,61%,,
,PT- NEW,1.0,0.0,1.0,0.0,1.0,0.0,5.0,0.0,2.0,1.0,0.0,1.0,0.0,1.0,0.0,1.0,1.0,0.0,0.0,0.0,3.0,1.0,1.0,0.0,0.0,0.0,0.0,2.0,1.0,1.0,,24.0,,PT- NEW,Per PT,39%,,
,Amt-ToT,71.0,0.0,58.0,25.0,8.0,0.0,172.0,0.0,99.0,61.0,10.0,5.0,0.0,171.8,0.0,46.0,50.0,8.0,20.0,0.0,164.0,28.0,36.0,18.0,0.0,30.0,0.0,31.0,13.0,35.0,0.0,1159.8,,Amt-ToT,,,,
,Pt-TOT,5.0,0.0,2.0,2.0,1.0,0.0,9.0,0.0,5.0,3.0,1.0,1.0,0.0,7.0,0.0,3.0,2.0,1.0,1.0,0.0,6.0,2.0,3.0,2.0,0.0,1.0,0.0,2.0,1.0,2.0,0.0,62.0,,Pt-TOT,,18.7,,
Dr Archana,AMT - OLD ,0.0,0.0,0.0,0.0,40.0,0.0,0.0,0.0,30.0,0.0,0.0,5.0,0.0,0.0,0.0,0.0,0.0,0.0,0.0,0.0,0.0,0.0,0.0,35.0,0.0,0.0,0.0,0.0,8.0,0.0,,118.0,Dr Archana,AMT - OLD ,38%,16.9,,
,AMT-NEW,0.0,0.0,33.0,0.0,0.0,0.0,0.0,0.0,0.0,28.0,0.0,0.0,0.0,0.0,0.0,53.0,18.0,36.0,18.0,0.0,0.0,3.0,0.0,0.0,0.0,0.0,0.0,0.0,0.0,0.0,,189.0,,AMT-NEW,62%,21.0,,
,PT- OLD ,0.0,0.0,0.0,0.0,1.0,0.0,0.0,0.0,1.0,0.0,0.0,1.0,0.0,0.0,0.0,0.0,0.0,0.0,0.0,0.0,0.0,0.0,0.0,2.0,0.0,0.0,0.0,0.0,2.0,0.0,,7.0,,PT- OLD ,,44%,,
,PT- NEW,0.0,0.0,1.0,0.0,0.0,0.0,0.0,0.0,0.0,2.0,0.0,0.0,0.0,0.0,0.0,1.0,1.0,2.0,1.0,0.0,0.0,1.0,0.0,0.0,0.0,0.0,0.0,0.0,0.0,0.0,,9.0,,PT- NEW,Per PT,56%,,
,Amt-ToT,0.0,0.0,33.0,0.0,40.0,0.0,0.0,0.0,30.0,28.0,0.0,5.0,0.0,0.0,0.0,53.0,18.0,36.0,18.0,0.0,0.0,3.0,0.0,35.0,0.0,0.0,0.0,0.0,8.0,0.0,0.0,307.0,,Amt-ToT,,99,,
,Pt-TOT,0.0,0.0,1.0,0.0,1.0,0.0,0.0,0.0,1.0,2.0,0.0,1.0,0.0,0.0,0.0,1.0,1.0,2.0,1.0,0.0,0.0,1.0,0.0,2.0,0.0,0.0,0.0,0.0,2.0,0.0,0.0,16.0,,Pt-TOT,,19.2,,
,,,,,,,,,,,,,,,,,,,,,,,,,,,,,,,,,,,,,,,
,sep.24 tk2,1,2,3,4,5,6,7,8,9,10,11,12,13,14,15,16,17,18,19,20,21,22,23,24,25,26,27,28,29,30,31,TOTAL ,,MAy--2024,%,Per Pt ,,
Dr Divya,AMT - OLD ,58.0,20.9,77.5,59.0,13.5,0.0,61.5,41.0,48.0,6.0,71.5,78.0,0.0,106.0,14.0,20.0,1.5,61.0,60.0,0.0,76.0,53.0,74.0,50.8,20.0,24.0,0.0,42.5,24.0,73.0,0.0,1234.5,Dr Divya,AMT - OLD ,43%,7.5,,
,AMT-NEW,43.0,37.0,76,56.8,78.0,0.0,58.0,72.0,52.5,50.5,25.0,7.0,0.0,70.0,77.0,132.0,31.0,29.0,36.0,0.0,139.0,88.8,114.0,88.0,42.0,76.6,0.0,65.0,34.0,31.0,0.0,1609.1,,AMT-NEW,57%,7.8,,
,PT- OLD ,7,4,10.0,9.0,2.0,0.0,7.0,6.0,6.0,2.0,11.0,9.0,0.0,9.0,1.0,4.0,4.0,6.0,7.0,0.0,9.0,9.0,6.0,7.0,4.0,4.0,0.0,6.0,3.0,12.0,0.0,164.0,,PT- OLD ,,,,
,PT- NEW,6,4,6.0,4.0,9.0,0.0,5.0,10.0,6.0,5.0,5.0,1.0,0.0,9.0,11.0,19.0,2.0,5.0,4.0,0.0,23.0,15.0,11.0,9.0,3.0,10.0,0.0,12.0,5.0,6.0,0.0,205.0,,PT- NEW,56%,,,
,Amt-ToT,101.0,57.9,153.5,115.8,91.5,0.0,119.5,113.0,100.5,56.5,96.5,85.0,0.0,176.0,91.0,152.0,32.5,90.0,96.0,0.0,215.0,141.8,188.0,138.8,62.0,100.6,0.0,107.5,58.0,104.0,0.0,2843.6,,Amt-ToT,44%,,,
,Pt-TOT,13.0,8.0,16.0,13.0,11.0,0.0,12.0,16.0,12.0,7.0,16.0,10.0,0.0,18.0,12.0,23.0,6.0,11.0,11.0,0.0,32.0,24.0,17.0,16.0,7.0,14.0,0.0,18.0,8.0,18.0,0.0,369.0,,Pt-TOT,,7.7,,
Dr Parvathy ,AMT - OLD ,30.0,0.0,0.0,0.0,20.0,0.0,0.0,0.0,0.0,45.0,0.0,79.0,0.0,0.0,0.0,0.0,90.0,35.0,0.0,0.0,0.0,0.0,22.0,0.0,15.0,0.0,0.0,0.0,0.0,0.0,0.0,336.0,Dr Parvathy ,AMT - OLD ,50%,22.4,,
,AMT-NEW,67.0,0.0,26.0,0.0,38.0,0.0,0.0,24.0,13.0,4.0,0.0,0.0,0.0,0.0,0.0,18.0,0.0,18.0,24.5,0.0,0.0,51.0,0.0,13.0,3.0,0.0,0.0,0.0,0.0,34.0,0.0,333.5,,AMT-NEW,50%,17.6,,
,PT- OLD ,1.0,0.0,0.0,0.0,2.0,0.0,0.0,0.0,0.0,2.0,0.0,3.0,0.0,0.0,0.0,0.0,3.0,1.0,0.0,0.0,0.0,0.0,1.0,0.0,1.0,0.0,0.0,0.0,0.0,1.0,0.0,15.0,,PT- OLD ,44%,,,
,PT- NEW,3.0,0.0,1.0,0.0,2.0,0.0,0.0,2.0,1.0,1.0,0.0,0.0,0.0,0.0,0.0,2.0,0.0,1.0,2.0,0.0,0.0,1.0,0.0,1.0,1.0,0.0,0.0,0.0,0.0,1.0,0.0,19.0,,PT- NEW,56%,,,
,Amt-ToT,97.0,0.0,26.0,0.0,58.0,0.0,0.0,24.0,13.0,49.0,0.0,79.0,0.0,0.0,0.0,18.0,90.0,53.0,24.5,0.0,0.0,51.0,22.0,13.0,18.0,0.0,0.0,0.0,0.0,34.0,0.0,669.5,,Amt-ToT,,,,
,Pt-TOT,4.0,0.0,1.0,0.0,4.0,0.0,0.0,2.0,1.0,3.0,0.0,3.0,0.0,0.0,0.0,2.0,3.0,2.0,2.0,0.0,0.0,1.0,1.0,1.0,2.0,0.0,0.0,0.0,0.0,2.0,0.0,34.0,,Pt-TOT,,19.7,,
Dr Archana,AMT - OLD ,10.0,15.0,28.0,25.0,110.0,0.0,0.0,0.0,20.0,61.0,0.0,15.0,0.0,61.0,0.0,23.0,8.0,0.0,170.0,0.0,18.0,160.0,60.0,77.5,55.0,0.0,0.0,10.0,0.0,0.0,0.0,926.5,Dr Archana,AMT - OLD ,56%,34.3,,
,AMT-NEW,71.0,69.0,38.0,3.0,41.0,0.0,66.0,3.0,2.0,6.0,3.0,3.0,0.0,102.0,0.0,15.0,8.0,79.0,0.0,0.0,0.0,23.0,3.0,0.0,26.0,38.0,0.0,57.8,84.0,0.0,0.0,740.8,,AMT-NEW,44%,15.8,,
,PT- OLD ,1.0,1.0,2.0,2.0,2.0,0.0,0.0,0.0,1.0,1.0,0.0,1.0,0.0,2.0,0.0,2.0,1.0,0.0,2.0,0.0,2.0,1.0,2.0,1.0,2.0,0.0,0.0,1.0,0.0,0.0,0.0,27.0,,PT- OLD ,36%,,,
,PT- NEW,2.0,3.0,2.0,1.0,2.0,0.0,2.0,1.0,1.0,2.0,1.0,1.0,0.0,7.0,0.0,1.0,3.0,3.0,0.0,0.0,3.0,2.0,1.0,0.0,1.0,2.0,0.0,3.0,3.0,0.0,0.0,47.0,,PT- NEW,64%,15.8,,
,Amt-ToT,81.0,84.0,66.0,28.0,151.0,0.0,66.0,3.0,22.0,67.0,3.0,18.0,0.0,163.0,0.0,38.0,16.0,79.0,170.0,0.0,18.0,183.0,63.0,77.5,81.0,38.0,0.0,67.8,84.0,0.0,0.0,1667.3,,Amt-ToT,,,,
,Pt-TOT,3.0,4.0,4.0,3.0,4.0,0.0,2.0,1.0,2.0,3.0,1.0,2.0,0.0,9.0,0.0,3.0,4.0,3.0,2.0,0.0,5.0,3.0,3.0,1.0,3.0,2.0,0.0,4.0,3.0,0.0,0.0,74.0,,Pt-TOT,,22.5,,
,,,,,,,,,,,,,,,,,,,,,,,,,,,,,,,,,,,,,,,
,oct.24 tk1,1,2,3,4,5,6,7,8,9,10,11,12,13,14,15,16,17,18,19,20,21,22,23,24,25,26,27,28,29,30,31,TOTAL ,,MAy--2024,%,Per Pt ,,
Dr Parvathy ,AMT - OLD ,0.0,15.0,0.0,0.0,91.0,0.0,0.0,0.0,0.0,0.0,0.0,12.0,60.0,0.0,0.0,15.0,0.0,0.0,95.0,0.0,20.0,0.0,0.0,0.0,0.0,0.0,0.0,0.0,0.0,0.0,0.0,308.0,Dr Parvathy ,AMT - OLD ,45%,19.3,,
,AMT-NEW,20.0,0.0,19.0,0.0,60.0,65.0,0.0,0.0,3.0,0.0,0.0,92.0,3.0,23.0,1.8,0.0,0.0,0.0,48.0,0.0,0.0,35.0,0.0,0.0,0.0,0.0,0.0,3.0,0.0,0.0,0.0,372.8,,AMT-NEW,55%,16.9,,
,PT- OLD ,0.0,1.0,0.0,0.0,4.0,0.0,0.0,0.0,0.0,0.0,0.0,2.0,2.0,0.0,0.0,1.0,0.0,0.0,5.0,0.0,1.0,0.0,0.0,0.0,0.0,0.0,0.0,0.0,0.0,0.0,0.0,16.0,,PT- OLD ,,42%,,
,PT- NEW,1.0,0.0,1.0,0.0,3.0,3.0,0.0,0.0,1.0,0.0,0.0,5.0,1.0,1.0,1.0,0.0,0.0,0.0,3.0,0.0,0.0,1.0,0.0,0.0,0.0,0.0,0.0,1.0,0.0,0.0,0.0,22.0,,PT- NEW,Per PT,58%,,
,Amt-ToT,20.0,15.0,19.0,0.0,151.0,65.0,0.0,0.0,3.0,0.0,0.0,104.0,63.0,23.0,1.8,15.0,0.0,0.0,143.0,0.0,20.0,35.0,0.0,0.0,0.0,0.0,0.0,3.0,0.0,0.0,0.0,680.8,,Amt-ToT,,,,
,Pt-TOT,1.0,1.0,1.0,0.0,7.0,3.0,0.0,0.0,1.0,0.0,0.0,7.0,3.0,1.0,1.0,1.0,0.0,0.0,8.0,0.0,1.0,1.0,0.0,0.0,0.0,0.0,0.0,1.0,0.0,0.0,0.0,38.0,,Pt-TOT,,17.9,,
Dr Archana,AMT - OLD ,0.0,0.0,5.0,0.0,0.0,0.0,20.0,23.0,0.0,0.0,0.0,0.0,0.0,0.0,15.0,0.0,9.0,0.0,0.0,15.0,0.0,3.0,0.0,0.0,0.0,0.0,35.0,0.0,0.0,10.0,0.0,135.0,Dr Archana,AMT - OLD ,38%,13.5,,
,AMT-NEW,0.0,0.0,16.0,0.0,0.0,0.0,0.0,0.0,0.0,0.0,0.0,0.0,18.0,27.0,33.0,0.0,3.0,0.0,0.0,0.0,8.0,0.0,0.0,0.0,0.0,0.0,3.0,11.0,45.0,53.0,0.0,217.0,,AMT-NEW,62%,13.6,,
,PT- OLD ,0.0,0.0,1.0,0.0,0.0,0.0,1.0,2.0,0.0,0.0,0.0,0.0,0.0,0.0,1.0,0.0,1.0,0.0,0.0,1.0,0.0,1.0,0.0,0.0,0.0,0.0,1.0,0.0,0.0,1.0,0.0,10.0,,PT- OLD ,,38%,,
,PT- NEW,0.0,0.0,1.0,0.0,0.0,0.0,0.0,0.0,0.0,0.0,0.0,0.0,1.0,3.0,1.0,0.0,1.0,0.0,0.0,1.0,1.0,0.0,0.0,0.0,0.0,0.0,1.0,2.0,2.0,2.0,0.0,16.0,,PT- NEW,Per PT,62%,,
,Amt-ToT,0.0,0.0,21.0,0.0,0.0,0.0,20.0,23.0,0.0,0.0,0.0,0.0,18.0,27.0,48.0,0.0,12.0,0.0,0.0,15.0,8.0,3.0,0.0,0.0,0.0,0.0,38.0,11.0,45.0,63.0,0.0,352.0,,Amt-ToT,,99,,
,Pt-TOT,0.0,0.0,2.0,0.0,0.0,0.0,1.0,2.0,0.0,0.0,0.0,0.0,1.0,3.0,2.0,0.0,2.0,0.0,0.0,2.0,1.0,1.0,0.0,0.0,0.0,0.0,2.0,2.0,2.0,3.0,0.0,26.0,,Pt-TOT,,13.5,,
,,,,,,,,,,,,,,,,,,,,,,,,,,,,,,,,,,,,,,,
,oct.24 tk2,1,2,3,4,5,6,7,8,9,10,11,12,13,14,15,16,17,18,19,20,21,22,23,24,25,26,27,28,29,30,31,TOTAL ,,MAy--2024,%,Per Pt ,,
Dr Divya,AMT - OLD ,65.8,100.0,69,0.0,82.0,66.8,52.0,81.0,51.5,55.0,0.0,112.8,56.0,45.5,34.5,39.7,63.0,0.0,48.5,22.0,42.9,90.0,44.5,110.3,0.0,84.0,56.5,20.5,29.5,71.0,,1594.2,Dr Divya,AMT - OLD ,46%,8.3,,
,AMT-NEW,30.0,19.0,24,0.0,193.8,68.0,56.0,56.0,62.0,114.8,0.0,69.0,150.5,68.0,159.0,65.0,47.0,0.0,160.0,65.0,51.0,54.8,21.0,16.0,0.0,54.0,75.0,117.0,39.0,35.0,,1869.8,,AMT-NEW,54%,10.1,,
,PT- OLD ,7,7,9.0,0.0,7.0,10.0,9.0,9.0,4.0,11.0,0.0,12.0,6.0,7.0,5.0,6.0,7.0,0.0,5.0,6.0,7.0,7.0,8.0,13.0,0.0,9.0,5.0,5.0,5.0,6.0,,192.0,,PT- OLD ,,,,
,PT- NEW,2,3,6.0,0.0,16.0,7.0,8.0,4.0,8.0,7.0,0.0,8.0,15.0,7.0,13.0,6.0,4.0,0.0,14.0,6.0,6.0,9.0,3.0,3.0,0.0,6.0,7.0,9.0,4.0,5.0,,186.0,,PT- NEW,49%,,,
,Amt-ToT,95.8,119.0,93.0,0.0,275.8,134.8,108.0,137.0,113.5,169.8,0.0,181.8,206.5,113.5,193.5,104.7,110.0,0.0,208.5,87.0,93.9,144.8,65.5,126.3,0.0,138.0,131.5,137.5,68.5,106.0,0.0,3464.0,,Amt-ToT,51%,,,
,Pt-TOT,9.0,10.0,15.0,0.0,23.0,17.0,17.0,13.0,12.0,18.0,0.0,20.0,21.0,14.0,18.0,12.0,11.0,0.0,19.0,12.0,13.0,16.0,11.0,16.0,0.0,15.0,12.0,14.0,9.0,11.0,0.0,378.0,,Pt-TOT,,9.2,12.2,
Dr Parvathy ,AMT - OLD ,0.0,20.0,0.0,0.0,0.0,0.0,0.0,47.0,0.0,46.0,0.0,0.0,15.0,32.0,0.0,27.0,12.0,0.0,0.0,58.0,25.0,19.0,0.0,0.0,0.0,127.0,0.0,10.0,63.0,24.0,,525.0,Dr Parvathy ,AMT - OLD ,44%,20.2,,
,AMT-NEW,0.0,34.0,70.0,0.0,0.0,82.0,48.0,25.0,0.3,64.0,0.0,0.0,9.0,30.0,29.0,9.0,25.0,0.0,0.0,21.0,34.0,0.0,0.0,33.0,0.0,43.0,22.0,24.0,50.8,9.0,,662.0,,AMT-NEW,56%,11.6,,
,PT- OLD ,0.0,1.0,0.0,0.0,0.0,0.0,0.0,3.0,0.0,2.0,0.0,0.0,1.0,2.0,0.0,2.0,1.0,0.0,0.0,2.0,2.0,1.0,0.0,0.0,0.0,6.0,0.0,1.0,1.0,1.0,,26.0,,PT- OLD ,32%,,,
,PT- NEW,0.0,2.0,2.0,0.0,0.0,6.0,3.0,2.0,2.0,3.0,0.0,0.0,1.0,3.0,2.0,1.0,2.0,0.0,0.0,3.0,3.0,0.0,0.0,1.0,0.0,12.0,1.0,3.0,4.0,1.0,,57.0,,PT- NEW,68%,,,
,Amt-ToT,0.0,54.0,70.0,0.0,0.0,82.0,48.0,72.0,0.3,110.0,0.0,0.0,24.0,62.0,29.0,36.0,37.0,0.0,0.0,79.0,59.0,19.0,0.0,33.0,0.0,170.0,22.0,34.0,113.8,33.0,0.0,1187.0,,Amt-ToT,,,,
,Pt-TOT,0.0,3.0,2.0,0.0,0.0,6.0,3.0,5.0,2.0,5.0,0.0,0.0,0.0,5.0,2.0,3.0,3.0,0.0,0.0,5.0,5.0,1.0,0.0,1.0,0.0,18.0,1.0,4.0,5.0,2.0,0.0,81.0,,Pt-TOT,,14.7,,
Dr Archana,AMT - OLD ,0.0,0.0,0.0,0.0,0.0,0.0,30.0,0.0,54.0,0.0,0.0,43.0,0.0,0.0,75.0,0.0,74.0,0.0,60.5,0.0,0.0,0.0,13.0,1.8,48.0,0.0,14.0,0.0,5.0,0.0,,418.3,Dr Archana,AMT - OLD ,34%,16.1,,
,AMT-NEW,0.0,0.0,18.0,0.0,155.0,139.0,8.0,54.0,11.0,18.0,0.0,0.0,18.0,41.0,3.0,21.0,0.0,0.0,9.0,0.0,0.0,26.0,41.0,55.0,92.0,0.0,43.0,18.0,0.0,36.0,,806.0,,AMT-NEW,66%,16.8,,
,PT- OLD ,0.0,0.0,0.0,0.0,0.0,0.0,1.0,0.0,2.0,0.0,0.0,5.0,0.0,0.0,2.0,0.0,3.0,0.0,6.0,0.0,0.0,0.0,1.0,1.0,3.0,0.0,1.0,0.0,1.0,0.0,,26.0,,PT- OLD ,35%,,,
,PT- NEW,0.0,0.0,1.0,0.0,6.0,3.0,1.0,3.0,2.0,2.0,0.0,0.0,1.0,2.0,1.0,2.0,0.0,0.0,1.0,0.0,0.0,1.0,5.0,4.0,8.0,0.0,2.0,1.0,0.0,2.0,,48.0,,PT- NEW,65%,16.8,,
,Amt-ToT,0.0,0.0,18.0,0.0,155.0,139.0,38.0,54.0,65.0,18.0,0.0,43.0,18.0,41.0,78.0,21.0,74.0,0.0,69.5,0.0,0.0,26.0,54.0,56.8,140.0,0.0,57.0,18.0,5.0,36.0,0.0,1224.3,,Amt-ToT,,,,
,Pt-TOT,0.0,0.0,1.0,0.0,6.0,3.0,2.0,3.0,4.0,2.0,0.0,5.0,1.0,2.0,3.0,2.0,3.0,0.0,7.0,0.0,0.0,1.0,6.0,5.0,11.0,0.0,3.0,1.0,1.0,2.0,0.0,74.0,,Pt-TOT,,16.5,,
,,,,,,,,,,,,,,,,,,,,,,,,,,,,,,,,,,,,,,,
,nov.24,1,2,3,4,5,6,7,8,9,10,11,12,13,14,15,16,17,18,19,20,21,22,23,24,25,26,27,28,29,30,31,TOTAL ,,MAy--2024,%,Per Pt ,,
Dr Divya,AMT - OLD ,0.0,47.0,22,50.0,19.5,19.0,73.0,0.0,170.0,50.0,99.8,47.0,51.5,147.7,0.0,61.5,74.0,44.5,0.0,81.5,8.0,0.0,55.0,15.5,35.0,40.8,62.4,24.5,0.0,36.0,0.0,1335.1,Dr Divya,AMT - OLD ,44%,7.4,,
,AMT-NEW,0.0,155.8,86.75,50.0,55.0,84.0,99.0,0.0,101.0,50.0,18.5,51.0,18.0,43.0,0.0,141.0,41.0,21.0,100.0,124.0,42.0,0.0,31.0,74.0,39.6,33.0,38.0,28.0,0.0,162.0,0.0,1686.6,,AMT-NEW,56%,9.9,,
,PT- OLD ,0,6,4.0,5.0,6.0,4.0,11.0,0.0,13.0,10.0,9.0,7.0,7.0,10.0,0.0,9.0,9.0,10.0,0.0,11.0,2.0,0.0,8.0,6.0,10.0,7.0,6.0,5.0,0.0,6.0,0.0,181.0,,PT- OLD ,,,,
,PT- NEW,0,15,9.0,5.0,5.0,8.0,8.0,0.0,13.0,10.0,4.0,6.0,2.0,5.0,0.0,11.0,4.0,2.0,14.0,9.0,4.0,0.0,4.0,5.0,5.0,4.0,4.0,3.0,0.0,11.0,0.0,170.0,,PT- NEW,48%,,,
,Amt-ToT,0.0,202.8,108.8,100.0,74.5,103.0,172.0,0.0,271.0,100.0,118.3,98.0,69.5,190.7,0.0,202.5,115.0,65.5,100.0,205.5,50.0,0.0,86.0,89.5,74.6,73.8,100.4,52.5,0.0,198.0,0.0,3021.7,,Amt-ToT,52%,,,
,Pt-TOT,0.0,21.0,13.0,10.0,11.0,12.0,19.0,0.0,26.0,20.0,13.0,13.0,9.0,15.0,0.0,20.0,13.0,12.0,14.0,20.0,6.0,0.0,12.0,11.0,15.0,11.0,10.0,8.0,0.0,17.0,0.0,351.0,,Pt-TOT,,8.6,,
Dr Parvathy ,AMT - OLD ,0.0,82.0,20.0,47.0,42.0,60.0,65.0,0.0,96.0,0.0,25.0,57.0,35.0,50.0,0.0,31.0,59.0,0.0,25.0,104.0,99.0,0.0,62.0,50.0,0.0,65.0,100.0,3.0,0.0,28.0,0.0,1205.0,Dr Parvathy ,AMT - OLD ,52%,18.3,,
,AMT-NEW,0.0,50.0,0.0,5.0,88.0,41.0,0.0,0.0,94.0,8.0,11.0,0.0,18.0,23.0,0.0,192.8,31.0,56.0,3.0,118.0,27.0,0.0,132.0,8.0,0.0,33.0,0.0,0.0,0.0,194.0,0.0,1132.8,,AMT-NEW,48%,17.2,,
,PT- OLD ,0.0,8.0,1.0,2.0,2.0,4.0,3.0,0.0,7.0,0.0,2.0,3.0,2.0,3.0,0.0,3.0,4.0,0.0,2.0,6.0,3.0,0.0,3.0,1.0,0.0,2.0,2.0,0.0,0.0,3.0,0.0,66.0,,PT- OLD ,51%,,,
,PT- NEW,0.0,5.0,0.0,1.0,1.0,2.0,0.0,0.0,7.0,1.0,2.0,0.0,1.0,2.0,0.0,9.0,2.0,3.0,1.0,3.0,4.0,0.0,6.0,1.0,0.0,1.0,0.0,1.0,0.0,13.0,0.0,66.0,,PT- NEW,49%,,,
,Amt-ToT,0.0,132.0,20.0,52.0,130.0,101.0,65.0,0.0,190.0,8.0,36.0,57.0,53.0,73.0,0.0,223.8,90.0,56.0,28.0,222.0,126.0,0.0,194.0,58.0,0.0,98.0,100.0,3.0,0.0,222.0,0.0,2337.8,,Amt-ToT,,,,
,Pt-TOT,0.0,13.0,1.0,3.0,3.0,6.0,3.0,0.0,14.0,1.0,4.0,3.0,0.0,5.0,0.0,12.0,6.0,3.0,3.0,9.0,7.0,0.0,9.0,2.0,0.0,3.0,2.0,1.0,0.0,16.0,0.0,129.0,,Pt-TOT,,18.1,,
Dr Archana,AMT - OLD ,0.0,0.0,3.0,41.0,55.0,20.0,10.0,25.0,0.0,20.0,43.0,47.0,15.0,73.0,30.0,0.0,10.0,3.0,0.0,0.0,0.0,0.0,0.0,0.0,3.0,0.0,36.8,67.0,0.0,0.0,0.0,501.8,Dr Archana,AMT - OLD ,24%,15.7,,
,AMT-NEW,43.0,0.0,66.8,31.0,19.0,36.0,117.0,41.0,0.0,66.0,76.0,69.0,100.0,18.0,3.0,0.0,49.0,6.0,122.0,0.0,0.0,0.0,0.0,39.0,128.0,143.0,85.0,102.0,194.0,0.0,0.0,1553.8,,AMT-NEW,76%,19.7,,
,PT- OLD ,0.0,0.0,1.0,1.0,3.0,2.0,1.0,2.0,0.0,1.0,2.0,2.0,1.0,4.0,2.0,0.0,1.0,1.0,0.0,0.0,0.0,0.0,0.0,0.0,1.0,2.0,3.0,2.0,0.0,0.0,0.0,32.0,,PT- OLD ,29%,,,
,PT- NEW,3.0,0.0,4.0,2.0,3.0,2.0,5.0,2.0,0.0,4.0,6.0,4.0,3.0,1.0,1.0,0.0,4.0,2.0,5.0,0.0,0.0,0.0,0.0,2.0,3.0,6.0,5.0,2.0,10.0,0.0,0.0,79.0,,PT- NEW,71%,,,
,Amt-ToT,43.0,0.0,69.8,72.0,74.0,56.0,127.0,66.0,0.0,86.0,119.0,116.0,115.0,91.0,33.0,0.0,59.0,9.0,122.0,0.0,0.0,0.0,0.0,39.0,131.0,143.0,121.8,169.0,194.0,0.0,0.0,2055.6,,Amt-ToT,,,,
,Pt-TOT,3.0,0.0,5.0,3.0,6.0,4.0,6.0,4.0,0.0,5.0,8.0,6.0,4.0,5.0,3.0,0.0,5.0,3.0,5.0,0.0,0.0,0.0,0.0,2.0,4.0,8.0,8.0,4.0,10.0,0.0,0.0,111.0,,Pt-TOT,,18.5,,
,,,,,,,,,,,,,,,,,,,,,,,,,,,,,,,,,,,,,,,
,dec.24,1,2,3,4,5,6,7,8,9,10,11,12,13,14,15,16,17,18,19,20,21,22,23,24,25,26,27,28,29,30,31,TOTAL ,,MAy--2024,%,Per Pt ,,
Dr Divya,AMT - OLD ,38.0,57.5,11,21.0,52.5,0.0,59.0,32.0,67.0,84.0,90.0,57.5,0.0,97.0,20.0,16.0,72.0,112.0,90.5,0.0,53.0,36.0,50.0,57.0,29.5,0.0,0.0,16.5,42.5,219.7,115.2,1596.4,Dr Divya,AMT - OLD ,55%,8.8,,
,AMT-NEW,49.0,84.0,79.5,25.0,66.0,0.0,88.0,56.0,46.5,38.0,4.0,27.0,0.0,47.0,8.0,30.0,25.0,99.0,35.0,0.0,36.0,22.0,60.0,29.0,3.0,150.0,0.0,71.5,61.0,69.0,18.0,1326.5,,AMT-NEW,45%,9.8,,
,PT- OLD ,3,5,4.0,4.0,9.0,0.0,8.0,4.0,7.0,9.0,10.0,7.0,0.0,9.0,5.0,1.0,8.0,11.0,11.0,0.0,6.0,5.0,9.0,8.0,6.0,0.0,0.0,3.0,7.0,12.0,10.0,181.0,,PT- OLD ,,,,
,PT- NEW,4,6,7.0,2.0,5.0,0.0,7.0,4.0,5.0,6.0,1.0,2.0,0.0,4.0,2.0,5.0,4.0,9.0,3.0,0.0,4.0,3.0,6.0,4.0,1.0,15.0,0.0,8.0,12.0,5.0,2.0,136.0,,PT- NEW,43%,,,
,Amt-ToT,87.0,141.5,90.5,46.0,118.5,0.0,147.0,88.0,113.5,122.0,94.0,84.5,0.0,144.0,28.0,46.0,97.0,211.0,125.5,0.0,89.0,58.0,110.0,86.0,32.5,150.0,0.0,88.0,103.5,288.7,133.2,2922.9,,Amt-ToT,57%,,,
,Pt-TOT,7.0,11.0,11.0,6.0,14.0,0.0,15.0,8.0,12.0,15.0,11.0,9.0,0.0,13.0,7.0,6.0,12.0,20.0,14.0,0.0,10.0,8.0,15.0,12.0,7.0,15.0,0.0,11.0,19.0,17.0,12.0,317.0,,Pt-TOT,,9.2,,
Dr Parvathy ,AMT - OLD ,0.0,79.0,79.0,0.0,0.0,0.0,95.0,152.0,50.0,45.0,134.0,22.0,0.0,85.0,20.0,80.0,0.0,35.0,0.0,0.0,0.0,0.0,21.0,85.0,0.0,110.0,0.0,70.0,0.0,0.0,0.0,1162.0,Dr Parvathy ,AMT - OLD ,63%,28.3,,
,AMT-NEW,0.0,0.0,0.0,0.0,0.0,0.0,11.0,24.0,18.0,6.0,0.0,23.0,0.0,75.8,21.0,3.0,95.0,0.0,0.0,0.0,0.0,0.0,93.0,36.0,3.0,2.0,0.0,103.0,26.0,135.0,0.0,674.8,,AMT-NEW,37%,15.0,,
,PT- OLD ,0.0,0.0,1.0,0.0,0.0,0.0,6.0,2.0,3.0,2.0,3.0,1.0,0.0,4.0,1.0,4.0,0.0,2.0,0.0,0.0,0.0,0.0,3.0,2.0,0.0,4.0,0.0,3.0,0.0,0.0,0.0,41.0,,PT- OLD ,48%,,,
,PT- NEW,0.0,1.0,0.0,0.0,0.0,0.0,2.0,1.0,1.0,2.0,0.0,1.0,0.0,7.0,2.0,1.0,5.0,0.0,0.0,,0.0,0.0,7.0,2.0,1.0,1.0,0.0,7.0,2.0,2.0,0.0,45.0,,PT- NEW,52%,,,
,Amt-ToT,0.0,79.0,79.0,0.0,0.0,0.0,106.0,176.0,68.0,51.0,134.0,45.0,0.0,160.8,41.0,83.0,95.0,35.0,0.0,0.0,0.0,0.0,114.0,121.0,3.0,112.0,0.0,173.0,26.0,135.0,0.0,1836.8,,Amt-ToT,,,,
,Pt-TOT,0.0,1.0,1.0,0.0,0.0,0.0,8.0,3.0,4.0,4.0,3.0,2.0,0.0,11.0,3.0,5.0,5.0,2.0,0.0,0.0,0.0,0.0,10.0,4.0,1.0,5.0,0.0,10.0,2.0,2.0,0.0,86.0,,Pt-TOT,,21.4,,
Dr Archana,AMT - OLD ,43.0,0.0,95.0,0.0,65.0,0.0,0.0,71.0,79.0,10.0,23.0,40.0,81.0,0.0,20.0,38.0,10.0,66.0,58.4,0.0,20.0,84.0,0.0,0.0,0.0,123.0,0.0,0.0,23.0,49.0,0.0,998.4,Dr Archana,AMT - OLD ,40%,24.4,,
,AMT-NEW,108.0,54.0,97.0,42.0,19.0,136.0,0.0,0.0,3.0,90.0,194.0,36.0,50.0,0.0,67.0,21.0,42.0,43.0,84.0,95.0,3.0,48.0,0.0,0.0,63.0,44.0,0.0,0.0,94.0,20.0,67.0,1520.0,,AMT-NEW,60%,19.7,,
,PT- OLD ,3.0,0.0,3.0,0.0,1.0,0.0,0.0,2.0,4.0,1.0,3.0,1.0,2.0,0.0,1.0,3.0,2.0,3.0,2.0,0.0,2.0,3.0,0.0,0.0,0.0,3.0,0.0,0.0,1.0,1.0,0.0,41.0,,PT- OLD ,35%,,,
,PT- NEW,3.0,3.0,4.0,4.0,4.0,7.0,0.0,0.0,1.0,1.0,4.0,2.0,1.0,0.0,4.0,3.0,3.0,3.0,3.0,5.0,1.0,4.0,0.0,0.0,5.0,3.0,0.0,0.0,4.0,1.0,4.0,77.0,,PT- NEW,65%,,,
,Amt-ToT,151.0,54.0,192.0,42.0,84.0,136.0,0.0,71.0,82.0,100.0,217.0,76.0,131.0,0.0,87.0,59.0,52.0,109.0,142.4,95.0,23.0,132.0,0.0,0.0,63.0,167.0,0.0,0.0,117.0,69.0,67.0,2518.4,,Amt-ToT,,,,
,Pt-TOT,6.0,3.0,7.0,4.0,5.0,7.0,0.0,2.0,5.0,2.0,7.0,3.0,3.0,0.0,5.0,6.0,5.0,6.0,5.0,5.0,3.0,7.0,0.0,0.0,5.0,6.0,0.0,0.0,5.0,2.0,4.0,118.0,,Pt-TOT,,21.3,,
,,,,,,,,,,,,,,,,,,,,,,,,,,,,,,,,,,,,,,,
,Jan.25,1,2,3,4,5,6,7,8,9,10,11,12,13,14,15,16,17,18,19,20,21,22,23,24,25,26,27,28,29,30,31,TOTAL ,,MAy--2024,%,Per Pt ,,
Dr Divya,AMT - OLD ,5.0,59.0,0,83.5,45.0,39.0,46.0,57.0,62.0,43.0,0.0,23.0,106.0,116.0,46.5,65.5,12.0,108.8,35.0,65.0,67.5,23.0,53.0,53.0,59.0,39.0,65.8,17.0,118.0,16.0,19.0,1547.6,Dr Divya,AMT - OLD ,50%,8.4,,
,AMT-NEW,65.0,90.0,0,53.0,32.0,49.0,27.0,88.0,19.0,33.0,106.0,60.0,90.7,47.0,33.0,15.0,48.0,75.0,80.0,51.5,33.0,65.0,14.0,43.0,80.0,28.0,21.0,77.8,38.8,14.0,57.0,1533.7,,AMT-NEW,50%,9.1,,
,PT- OLD ,1,6,0.0,10.0,7.0,4.0,5.0,6.0,8.0,2.0,0.0,4.0,9.0,9.0,8.0,12.0,4.0,9.0,7.0,7.0,8.0,5.0,9.0,6.0,10.0,5.0,8.0,4.0,7.0,4.0,1.0,185.0,,PT- OLD ,,,,
,PT- NEW,6,11,0.0,9.0,5.0,6.0,3.0,7.0,4.0,3.0,16.0,6.0,6.0,3.0,5.0,2.0,6.0,6.0,6.0,5.0,4.0,11.0,3.0,5.0,7.0,3.0,3.0,7.0,4.0,1.0,5.0,168.0,,PT- NEW,48%,,,
,Amt-ToT,70.0,149.0,0.0,136.5,77.0,88.0,73.0,145.0,81.0,76.0,106.0,83.0,196.7,163.0,79.5,80.5,60.0,183.8,115.0,116.5,100.5,88.0,67.0,96.0,139.0,67.0,86.8,94.8,156.8,30.0,76.0,3081.3,,Amt-ToT,52%,,,
,Pt-TOT,7.0,17.0,0.0,19.0,12.0,10.0,8.0,13.0,12.0,5.0,16.0,10.0,15.0,12.0,13.0,14.0,10.0,15.0,13.0,12.0,12.0,16.0,12.0,11.0,17.0,8.0,11.0,11.0,11.0,5.0,6.0,353.0,,Pt-TOT,,8.7,,
Dr Parvathy ,AMT - OLD ,0.0,41.0,0.0,36.0,45.0,71.0,15.0,120.0,32.0,0.0,60.0,5.0,90.0,150.0,65.0,80.0,0.0,105.0,79.0,35.0,75.0,80.0,0.0,0.0,83.0,0.0,55.0,55.0,10.0,217.0,0.0,1604.0,Dr Parvathy ,AMT - OLD ,72%,27.7,,
,AMT-NEW,35.0,30.0,0.0,70.0,0.0,40.0,20.0,25.0,0.0,0.0,15.0,5.0,0.0,40.0,0.0,10.0,0.0,97.0,0.0,20.0,20.0,15.0,0.0,0.0,103.0,30.0,55.0,0.0,0.0,0.0,0.0,630.0,,AMT-NEW,28%,14.0,,
,PT- OLD ,0.0,2.0,0.0,2.0,2.0,4.0,1.0,1.0,2.0,0.0,3.0,1.0,3.0,1.0,1.0,5.0,0.0,7.0,1.0,1.0,3.0,3.0,0.0,0.0,4.0,0.0,3.0,1.0,1.0,6.0,0.0,58.0,,PT- OLD ,58%,,,
,PT- NEW,2.0,1.0,0.0,4.0,0.0,2.0,1.0,2.0,0.0,0.0,1.0,1.0,0.0,6.0,0.0,2.0,0.0,9.0,0.0,1.0,1.0,1.0,0.0,0.0,7.0,1.0,3.0,0.0,0.0,0.0,0.0,45.0,,PT- NEW,42%,,,
,Amt-ToT,35.0,71.0,0.0,106.0,45.0,111.0,35.0,145.0,32.0,0.0,75.0,10.0,90.0,190.0,65.0,90.0,0.0,202.0,79.0,55.0,95.0,95.0,0.0,0.0,186.0,30.0,110.0,55.0,10.0,217.0,0.0,2234.0,,Amt-ToT,,,,
,Pt-TOT,2.0,3.0,0.0,6.0,2.0,6.0,2.0,3.0,2.0,0.0,4.0,2.0,0.0,7.0,1.0,7.0,0.0,16.0,1.0,2.0,4.0,4.0,0.0,0.0,11.0,1.0,6.0,1.0,1.0,6.0,0.0,100.0,,Pt-TOT,,22.3,,
Dr Archana,AMT - OLD ,0.0,20.0,0.0,0.0,0.0,8.0,20.0,10.0,20.0,0.0,0.0,74.0,45.0,73.0,97.0,82.8,0.0,0.0,89.0,55.0,0.0,12.0,38.0,0.0,0.0,50.0,15.0,111.0,84.0,46.0,,949.8,Dr Archana,AMT - OLD ,43%,24.4,,
,AMT-NEW,35.0,53.0,40.0,0.0,10.0,95.0,30.0,93.0,70.0,145.0,0.0,0.0,20.0,0.0,55.0,90.0,0.0,0.0,20.0,15.0,10.0,137.0,92.0,80.0,0.0,62.0,50.0,7.0,30.0,16.0,,1255.0,,AMT-NEW,57%,17.4,,
,PT- OLD ,0.0,1.0,0.0,0.0,0.0,1.0,1.0,1.0,1.0,0.0,0.0,4.0,1.0,2.0,2.0,3.0,0.0,0.0,3.0,2.0,0.0,1.0,3.0,0.0,0.0,2.0,1.0,3.0,4.0,3.0,,39.0,,PT- OLD ,35%,,,
,PT- NEW,2.0,4.0,4.0,0.0,2.0,5.0,2.0,6.0,5.0,4.0,0.0,0.0,3.0,0.0,4.0,2.0,0.0,0.0,1.0,1.0,1.0,3.0,6.0,4.0,0.0,4.0,3.0,1.0,3.0,2.0,,72.0,,PT- NEW,65%,,,
,Amt-ToT,35.0,73.0,40.0,0.0,10.0,103.0,50.0,103.0,90.0,145.0,0.0,74.0,65.0,73.0,152.0,172.8,0.0,0.0,109.0,70.0,10.0,149.0,130.0,80.0,0.0,112.0,65.0,118.0,114.0,62.0,0.0,2204.8,,Amt-ToT,,,,
,Pt-TOT,2.0,5.0,4.0,0.0,2.0,6.0,3.0,7.0,6.0,4.0,0.0,4.0,4.0,2.0,6.0,5.0,0.0,0.0,4.0,3.0,1.0,4.0,9.0,4.0,0.0,6.0,4.0,4.0,7.0,5.0,0.0,111.0,,Pt-TOT,,19.9,,
,,,,,,,,,,,,,,,,,,,,,,,,,,,,,,,,,,,,,,,
,Feb.25,1,2,3,4,5,6,7,8,9,10,11,12,13,14,15,16,17,18,19,20,21,22,23,24,25,26,27,28,29,30,31,TOTAL ,,MAy--2024,%,Per Pt ,,
Dr Divya,AMT - OLD ,70.5,34.0,67,53.5,74.0,66.5,51.0,93.3,88.8,54.2,73.0,73.0,61.0,52.0,100.8,29.0,79.8,60.6,88.0,72.0,0.0,113.3,53.5,55.0,118.4,10.0,69.0,5.0,,,,1765.9,Dr Divya,AMT - OLD ,57%,7.4,,
,AMT-NEW,52.0,51.0,46,36.0,99.4,38.9,24.0,60.8,85.0,27.0,20.5,20.5,16.0,5.0,11.0,37.0,5.0,87.0,25.0,34.0,0.0,76.0,49.0,14.0,62.8,176.0,82.0,102.0,,,,1342.8,,AMT-NEW,43%,8.2,,
,PT- OLD ,10,5,9.0,8.0,12.0,8.0,10.0,14.0,14.0,9.0,9.0,9.0,11.0,5.0,16.0,6.0,9.0,8.0,8.0,10.0,0.0,13.0,8.0,6.0,10.0,2.0,9.0,1.0,,,,239.0,,PT- OLD ,59%,,,
,PT- NEW,9,5,5.0,9.0,11.0,5.0,3.0,12.0,9.0,3.0,3.0,3.0,4.0,1.0,2.0,4.0,1.0,10.0,5.0,5.0,0.0,10.0,5.0,3.0,8.0,13.0,7.0,9.0,,,,164.0,,PT- NEW,41%,,,
,Amt-ToT,122.5,85.0,113.0,89.5,173.4,105.4,75.0,154.0,173.8,81.2,93.5,93.5,77.0,57.0,111.8,66.0,84.8,147.6,113.0,106.0,0.0,189.3,102.5,69.0,181.1,186.0,151.0,107.0,0.0,0.0,0.0,3108.7,,Amt-ToT,59%,,,
,Pt-TOT,19.0,10.0,14.0,17.0,23.0,13.0,13.0,26.0,23.0,12.0,12.0,12.0,15.0,6.0,18.0,10.0,10.0,18.0,13.0,15.0,0.0,23.0,13.0,9.0,18.0,15.0,16.0,10.0,0.0,0.0,0.0,403.0,,Pt-TOT,,7.7,,
Dr Parvathy ,AMT - OLD ,30.0,35.0,20.0,10.0,65.5,10.0,0.0,44.0,0.0,0.0,123.5,0.0,115.0,0.0,60.0,20.0,68.0,49.5,70.0,5.0,0.0,98.8,25.0,23.0,45.0,23.0,0.0,0.0,,,,940.3,Dr Parvathy ,AMT - OLD ,60%,20.9,,
,AMT-NEW,60.0,61.0,0.0,35.0,12.0,0.0,0.0,74.0,0.0,20.0,2.0,147.0,0.0,0.0,46.8,5.0,0.0,0.0,0.0,5.0,0.0,96.8,0.0,23.0,18.0,27.0,0.0,0.0,,,,632.5,,AMT-NEW,40%,18.6,,
,PT- OLD ,2.0,2.0,1.0,1.0,3.0,1.0,0.0,3.0,0.0,0.0,3.0,0.0,2.0,0.0,3.0,4.0,4.0,1.0,2.0,1.0,0.0,4.0,1.0,2.0,3.0,2.0,0.0,0.0,,,,45.0,,PT- OLD ,58%,,,
,PT- NEW,3.0,3.0,0.0,3.0,3.0,0.0,0.0,3.0,0.0,1.0,1.0,3.0,0.0,0.0,3.0,0.0,0.0,1.0,0.0,1.0,0.0,4.0,0.0,2.0,2.0,1.0,0.0,0.0,,,,34.0,,PT- NEW,42%,,,
,Amt-ToT,90.0,96.0,20.0,45.0,77.5,10.0,0.0,118.0,0.0,20.0,125.5,147.0,115.0,0.0,106.8,25.0,68.0,49.5,70.0,10.0,0.0,195.5,25.0,46.0,63.0,50.0,0.0,0.0,0.0,0.0,0.0,1572.8,,Amt-ToT,,,,
,Pt-TOT,5.0,5.0,1.0,4.0,6.0,1.0,0.0,6.0,0.0,1.0,4.0,3.0,0.0,0.0,6.0,4.0,4.0,2.0,2.0,2.0,0.0,8.0,1.0,4.0,5.0,3.0,0.0,0.0,0.0,0.0,0.0,77.0,,Pt-TOT,,20.4,,
Dr Archana,AMT - OLD ,0.0,50.0,106.4,0.0,80.0,85.0,96.0,0.0,130.0,20.0,53.0,79.0,61.9,0.0,0.0,45.0,83.0,0.0,6.0,50.0,0.0,0.0,113.0,125.0,160.0,0.0,53.0,155.0,,,,1551.3,Dr Archana,AMT - OLD ,52%,24.6,,
,AMT-NEW,0.0,108.0,100.0,25.0,55.0,20.0,100.0,0.0,5.0,109.0,70.0,29.0,161.0,0.0,0.0,10.0,75.0,94.0,60.0,40.0,107.0,0.0,3.0,65.0,25.0,45.0,40.0,59.0,,,,1405.0,,AMT-NEW,48%,19.2,,
,PT- OLD ,0.0,3.0,2.0,0.0,2.0,3.0,6.0,0.0,6.0,2.0,3.0,4.0,2.0,0.0,0.0,2.0,3.0,0.0,1.0,2.0,0.0,0.0,5.0,4.0,5.0,0.0,3.0,5.0,,,,63.0,,PT- OLD ,46%,,,
,PT- NEW,0.0,7.0,4.0,1.0,2.0,2.0,2.0,0.0,1.0,5.0,4.0,4.0,5.0,0.0,0.0,1.0,3.0,5.0,3.0,2.0,5.0,0.0,1.0,5.0,2.0,1.0,5.0,3.0,,,,73.0,,PT- NEW,54%,,,
,Amt-ToT,0.0,158.0,206.4,25.0,135.0,105.0,196.0,0.0,135.0,129.0,123.0,108.0,222.9,0.0,0.0,55.0,158.0,94.0,66.0,90.0,107.0,0.0,116.0,190.0,185.0,45.0,93.0,214.0,0.0,0.0,0.0,2956.3,,Amt-ToT,,,,
,Pt-TOT,0.0,10.0,6.0,1.0,4.0,5.0,8.0,0.0,7.0,7.0,7.0,8.0,7.0,0.0,0.0,3.0,6.0,5.0,4.0,4.0,5.0,0.0,6.0,9.0,7.0,1.0,8.0,8.0,0.0,0.0,0.0,136.0,,Pt-TOT,,21.7,,
,,,,,,,,,,,,,,,,,,,,,,,,,,,,,,,,,,,,,,,
,Mar.25,1,2,3,4,5,6,7,8,9,10,11,12,13,14,15,16,17,18,19,20,21,22,23,24,25,26,27,28,29,30,31,TOTAL ,,MAy--2024,%,Per Pt ,,
Dr Divya,AMT - OLD ,0.0,0.0,21.5,47.0,15.5,66.0,28.0,36.0,51.5,100.0,32.0,16.5,0.0,105.5,10.0,105.6,93.0,35.5,37.8,0.0,0.0,127.0,23.5,102.0,0.0,45.5,48.0,0.0,42.0,146.0,0.0,1335.4,Dr Divya,AMT - OLD ,47%,10.6,,
,AMT-NEW,100.0,100.0,56,22.0,81.8,38.0,33.0,42.0,49.0,96.0,52.0,51.0,100.0,44.0,15.0,44.0,19.0,38.0,21.3,150.0,14.0,41.8,28.0,9.0,102.0,73.8,38.8,0.0,34.8,28.0,0.0,1522.0,,AMT-NEW,53%,7.8,,
,PT- OLD ,0,0,5.0,4.0,4.0,8.0,2.0,4.0,4.0,9.0,4.0,3.0,0.0,6.0,1.0,6.0,9.0,6.0,7.0,0.0,0.0,11.0,5.0,8.0,0.0,7.0,6.0,0.0,4.0,3.0,0.0,126.0,,PT- OLD ,39%,,,
,PT- NEW,12,12,4.0,6.0,9.0,4.0,3.0,7.0,4.0,11.0,4.0,8.0,15.0,6.0,3.0,6.0,3.0,5.0,4.0,15.0,1.0,4.0,2.0,1.0,12.0,8.0,8.0,0.0,4.0,14.0,0.0,195.0,,PT- NEW,61%,,,
,Amt-ToT,100.0,100.0,77.5,69.0,97.3,104.0,61.0,78.0,100.5,196.0,84.0,67.5,100.0,149.5,25.0,149.6,112.0,73.5,59.0,150.0,14.0,168.8,51.5,111.0,102.0,119.3,86.8,0.0,76.8,174.0,0.0,2857.4,,Amt-ToT,39%,,,
,Pt-TOT,12.0,12.0,9.0,10.0,13.0,12.0,5.0,11.0,8.0,20.0,8.0,11.0,15.0,12.0,4.0,12.0,12.0,11.0,11.0,15.0,1.0,15.0,7.0,9.0,12.0,15.0,14.0,0.0,8.0,17.0,0.0,321.0,,Pt-TOT,,8.9,,
Dr Parvathy ,AMT - OLD ,45.0,43.0,10.0,35.0,0.0,0.0,0.0,180.0,42.0,0.0,20.0,3.0,19.0,0.0,45.0,10.0,8.0,30.0,105.0,89.0,0.0,210.0,55.0,70.0,57.0,56.0,0.0,0.0,164.0,82.0,0.0,1378.0,Dr Parvathy ,AMT - OLD ,48%,24.2,,
,AMT-NEW,85.0,5.0,78.0,0.0,53.8,70.0,0.0,7.0,55.0,0.0,90.0,53.0,45.0,0.0,90.0,49.0,21.0,65.0,35.0,5.0,0.0,116.0,131.0,14.0,70.0,6.0,136.0,0.0,78.0,118.0,0.0,1475.8,,AMT-NEW,52%,17.6,,
,PT- OLD ,3.0,3.0,1.0,2.0,0.0,0.0,0.0,6.0,3.0,0.0,1.0,1.0,2.0,0.0,2.0,1.0,1.0,2.0,3.0,2.0,0.0,5.0,2.0,3.0,3.0,4.0,0.0,0.0,5.0,2.0,0.0,57.0,,PT- OLD ,40%,,,
,PT- NEW,3.0,1.0,3.0,0.0,4.0,3.0,0.0,2.0,3.0,0.0,5.0,4.0,3.0,0.0,5.0,4.0,2.0,3.0,2.0,1.0,0.0,4.0,6.0,2.0,2.0,2.0,10.0,0.0,5.0,5.0,0.0,84.0,,PT- NEW,60%,,,
,Amt-ToT,130.0,48.0,88.0,35.0,53.8,70.0,0.0,187.0,97.0,0.0,110.0,56.0,64.0,0.0,135.0,59.0,29.0,95.0,140.0,94.0,0.0,326.0,186.0,84.0,127.0,62.0,136.0,0.0,242.0,200.0,0.0,2853.8,,Amt-ToT,,,,
,Pt-TOT,6.0,4.0,4.0,2.0,4.0,3.0,0.0,8.0,6.0,0.0,6.0,5.0,5.0,0.0,7.0,5.0,3.0,5.0,5.0,3.0,0.0,9.0,8.0,5.0,5.0,6.0,10.0,0.0,10.0,7.0,0.0,141.0,,Pt-TOT,,20.2,,
Dr Archana,AMT - OLD ,0.0,50.0,15.0,15.0,30.0,40.0,60.0,0.0,25.0,0.0,30.0,35.0,10.0,0.0,0.0,0.0,0.0,138.5,111.0,11.0,65.0,0.0,45.5,45.5,0.0,26.0,0.0,58.0,0.0,0.0,0.0,810.5,Dr Archana,AMT - OLD ,47%,30.0,,
,AMT-NEW,0.0,44.0,35.0,35.0,5.0,0.0,30.0,0.0,103.0,40.0,5.0,75.0,25.0,0.0,0.0,42.0,15.0,5.0,0.0,17.0,76.0,0.0,61.0,61.0,5.0,19.0,83.0,128.0,0.0,0.0,0.0,909.0,,AMT-NEW,53%,19.3,,
,PT- OLD ,0.0,1.0,1.0,1.0,1.0,1.0,2.0,0.0,1.0,0.0,1.0,2.0,2.0,0.0,0.0,0.0,0.0,2.0,3.0,1.0,3.0,0.0,1.0,1.0,0.0,1.0,0.0,2.0,0.0,0.0,0.0,27.0,,PT- OLD ,36%,,,
,PT- NEW,0.0,1.0,1.0,1.0,1.0,0.0,1.0,0.0,4.0,3.0,1.0,3.0,2.0,0.0,0.0,3.0,1.0,1.0,0.0,2.0,6.0,0.0,2.0,2.0,1.0,2.0,3.0,6.0,0.0,0.0,0.0,47.0,,PT- NEW,64%,,,
,Amt-ToT,0.0,94.0,50.0,50.0,35.0,40.0,90.0,0.0,128.0,40.0,35.0,110.0,35.0,0.0,0.0,42.0,15.0,143.5,111.0,28.0,141.0,0.0,106.5,106.5,5.0,45.0,83.0,186.0,0.0,0.0,0.0,1719.5,,Amt-ToT,,,,
,Pt-TOT,0.0,2.0,2.0,2.0,2.0,1.0,3.0,0.0,5.0,3.0,2.0,5.0,4.0,0.0,0.0,3.0,1.0,3.0,3.0,3.0,9.0,0.0,3.0,3.0,1.0,3.0,3.0,8.0,0.0,0.0,0.0,74.0,,Pt-TOT,,23.2,,
,,,,,,,,,,,,,,,,,,,,,,,,,,,,,,,,,,,,,,,
,Apr.25,1,2,3,4,5,6,7,8,9,10,11,12,13,14,15,16,17,18,19,20,21,22,23,24,25,26,27,28,29,30,31,TOTAL ,,MAy--2024,%,Per Pt ,,
Dr Divya,AMT - OLD ,0.0,64.0,46.5,38.0,0.0,50.0,18.5,23.3,10.0,57.0,14.0,0.0,59.0,67.5,76.0,76.0,84.0,10.0,0.0,13.0,19.0,22.9,76.5,0.0,9.0,0.0,144.0,13.0,23.8,25.0,0.0,1039.9,Dr Divya,AMT - OLD ,44%,9.0,,
,AMT-NEW,0.0,62.5,77,49.0,0.0,32.0,42.0,9.0,26.0,81.0,10.0,0.0,18.0,53.5,34.0,34.0,53.0,83.0,0.0,38.0,20.0,51.0,77.0,100.0,37.0,0.0,47.0,93.0,80.0,110.0,0.0,1317.0,,AMT-NEW,56%,10.1,,
,PT- OLD ,0,8,8.0,4.0,0.0,4.0,5.0,4.0,2.0,5.0,1.0,0.0,5.0,9,8.0,8.0,5.0,2.0,0.0,2.0,2.0,4.0,8.0,0.0,1.0,0.0,10.0,4.0,4.0,2.0,0.0,115.0,,PT- OLD ,47%,,,
,PT- NEW,0,7,8.0,4.0,0.0,5.0,4.0,1.0,4.0,7.0,2.0,0.0,3.0,3,4.0,4.0,6.0,9.0,0.0,2.0,2.0,6.0,6.0,11.0,5.0,0.0,4.0,8.0,7.0,8.0,0.0,130.0,,PT- NEW,53%,,,
,Amt-ToT,0.0,126.5,123.5,87.0,0.0,82.0,60.5,32.3,36.0,138.0,24.0,0.0,77.0,121.0,110.0,110.0,137.0,93.0,0.0,51.0,39.0,73.9,153.5,100.0,46.0,0.0,191.0,106.0,103.8,135.0,0.0,2356.9,,Amt-ToT,47%,,,
,Pt-TOT,0.0,15.0,16.0,8.0,0.0,9.0,9.0,5.0,6.0,12.0,3.0,0.0,8.0,12.0,12.0,12.0,11.0,11.0,0.0,4.0,4.0,10.0,14.0,11.0,6.0,0.0,14.0,12.0,11.0,10.0,0.0,245.0,,Pt-TOT,,9.6,,
Dr Behshid,AMT - OLD ,0.0,0.0,0.0,0.0,74.0,20.0,18.5,23.3,10.0,7.0,0.0,68.0,4.0,3,18.0,8.0,37.0,0.0,90.0,11.2,6.0,47.8,10.0,7.0,0.0,66.6,0.0,31.4,30.0,16.0,0.0,606.7,Dr Behsid,AMT - OLD ,35%,7.3,,
,AMT-NEW,0.0,0.0,0.0,0.0,100.0,46.0,42.0,9.0,26.0,75.0,0.0,86.8,33.0,21,16.0,37.0,22.0,0.0,153.0,34.0,30.0,54.9,46.0,14.0,0.0,124.0,54.0,5.0,63.0,28.0,0.0,1119.7,,AMT-NEW,65%,10.0,,
,PT- OLD ,0,0,0,0,10.0,3.0,5.0,4.0,2.0,1.0,0.0,6.0,1.0,1,2.0,2.0,5.0,0.0,9.0,2.0,2.0,4.0,3.0,2.0,0.0,10.0,0.0,5.0,3.0,1.0,0.0,83.0,,PT- OLD ,43%,,,
,PT- NEW,0,0,0,0,9.0,3.0,4.0,1.0,4.0,5.0,0.0,10.0,5.0,3,1.0,5.0,3.0,0.0,14.0,3.0,2.0,5.0,3.0,2.0,0.0,13.0,9.0,1.0,4.0,3.0,0.0,112.0,,PT- NEW,57%,,,
,Amt-ToT,0.0,0.0,0.0,0.0,174.0,66.0,60.5,32.3,36.0,82.0,0.0,154.8,37.0,24.0,34.0,45.0,59.0,0.0,243.0,45.2,36.0,102.7,56.0,21.0,0.0,190.6,54.0,36.4,93.0,44.0,0.0,1726.3,,Amt-ToT,43%,,,
,Pt-TOT,0.0,0.0,0.0,0.0,19.0,6.0,9.0,5.0,6.0,6.0,0.0,16.0,6.0,4.0,3.0,7.0,8.0,0.0,23.0,5.0,4.0,9.0,6.0,4.0,0.0,23.0,9.0,6.0,7.0,4.0,0.0,195.0,,Pt-TOT,,8.9,,
Dr Parvathy ,AMT - OLD ,0.0,0.0,0.0,0.0,85.0,15.0,20.0,18.0,63.0,5.0,0.0,47.0,5.0,0.0,22.5,44.0,0.0,0.0,122.0,70.0,20.0,0.0,35.0,0.0,0.0,72.0,41.0,110.0,55.0,10.0,0.0,859.5,Dr Parvathy ,AMT - OLD ,37%,17.5,,
,AMT-NEW,0.0,73.0,118.0,0.0,157.0,28.0,0.0,30.0,0.0,20.0,0.0,90.0,10.0,67.0,20.0,20.0,0.0,0.0,150.0,76.0,0.0,120.0,60.0,67.0,0.0,190.0,33.0,75.0,13.0,35.0,0.0,1452.0,,AMT-NEW,63%,21.7,,
,PT- OLD ,0.0,0.0,0.0,0.0,5.0,1.0,1.0,1.0,5.0,1.0,0.0,3.0,1.0,0.0,2.0,1.0,0.0,0.0,6.0,3.0,1.0,0.0,2.0,0.0,0.0,6.0,3.0,4.0,2.0,1.0,0.0,49.0,,PT- OLD ,42%,,,
,PT- NEW,0.0,5.0,4.0,0.0,5.0,2.0,0.0,2.0,0.0,1.0,0.0,5.0,2.0,2.0,2.0,1.0,0.0,0.0,10.0,7.0,0.0,2.0,3.0,3.0,0.0,6.0,1.0,2.0,1.0,1.0,0.0,67.0,,PT- NEW,58%,,,
,Amt-ToT,0.0,73.0,118.0,0.0,242.0,43.0,20.0,48.0,63.0,25.0,0.0,137.0,15.0,67.0,42.5,64.0,0.0,0.0,272.0,146.0,20.0,120.0,95.0,67.0,0.0,262.0,74.0,185.0,68.0,45.0,0.0,2311.5,,Amt-ToT,,,,
,Pt-TOT,0.0,5.0,4.0,0.0,10.0,3.0,1.0,3.0,5.0,2.0,0.0,8.0,3.0,2.0,4.0,2.0,0.0,0.0,16.0,10.0,1.0,2.0,5.0,3.0,0.0,12.0,4.0,6.0,3.0,2.0,0.0,116.0,,Pt-TOT,,19.9,,
Dr Archana,AMT - OLD ,0.0,45.0,22.0,20.0,0.0,110.0,0.0,192.0,40.0,80.0,110.0,0.0,33.0,118.0,138.0,10.0,75.0,0.0,0.0,0.0,30.0,30.0,149.0,0.0,55.0,0.0,40.0,95.0,50.0,113.0,0.0,1555.0,Dr Archana,AMT - OLD ,45%,29.3,,
,AMT-NEW,0.0,20.0,122.0,225.0,0.0,56.0,42.0,3.0,45.0,40.0,113.0,0.0,242.0,0.0,29.0,47.0,50.0,158.0,0.0,0.0,69.8,69.8,76.0,230.0,55.0,0.0,100.0,43.0,55.0,30.0,0.0,1920.6,,AMT-NEW,55%,23.1,,
,PT- OLD ,0.0,1.0,1.0,1.0,0.0,5.0,0.0,5.0,2.0,2.0,6.0,0.0,3.0,2.0,3.0,1.0,3.0,0.0,0.0,0.0,1.0,1.0,1.0,0.0,4.0,0.0,2.0,4.0,3.0,2.0,0.0,53.0,,PT- OLD ,39%,,,
,PT- NEW,0.0,1.0,3.0,8.0,0.0,5.0,2.0,1.0,2.0,5.0,3.0,0.0,8.0,0.0,1.0,3.0,4.0,6.0,0.0,0.0,3.0,3.0,2.0,7.0,5.0,0.0,6.0,2.0,1.0,2.0,0.0,83.0,,PT- NEW,61%,,,
,Amt-ToT,0.0,65.0,144.0,245.0,0.0,166.0,42.0,195.0,85.0,120.0,223.0,0.0,275.0,118.0,167.0,57.0,125.0,158.0,0.0,0.0,99.8,99.8,225.0,230.0,110.0,0.0,140.0,138.0,105.0,143.0,0.0,3475.6,,Amt-ToT,,,,
,Pt-TOT,0.0,2.0,4.0,9.0,0.0,10.0,2.0,6.0,4.0,7.0,9.0,0.0,11.0,2.0,4.0,4.0,7.0,6.0,0.0,0.0,4.0,4.0,3.0,7.0,9.0,0.0,8.0,6.0,4.0,4.0,0.0,136.0,,Pt-TOT,,25.6,,
,,,,,,,,,,,,,,,,,,,,,,,,,,,,,,,,,,,,,,,
,May.25,1,2,3,4,5,6,7,8,9,10,11,12,13,14,15,16,17,18,19,20,21,22,23,24,25,26,27,28,29,30,31,TOTAL ,,MAy--2024,%,Per Pt ,,
Dr Divya,AMT - OLD ,0.0,10.0,0,0.0,59.0,84.0,54.0,34.0,10.0,0.0,113.0,29.0,10.0,31,0.0,0.0,0.0,95.0,20.0,0.0,19.0,2.0,0.0,0.0,,,,,,,,570.0,Dr Divya,AMT - OLD ,38%,9.5,,
,AMT-NEW,0.0,32.0,0,0.0,32.0,63.0,38.0,146.0,73.0,0.0,43.0,55.0,20.0,56,0.0,0.0,0.0,90.0,84.0,70.0,75.0,47.0,0.0,0.0,,,,,,,,924.0,,AMT-NEW,62%,11.6,,
,PT- OLD ,0,2,0.0,0.0,5.0,8.0,6.0,5.0,2.0,0.0,10.0,4.0,1.0,4,0.0,0.0,0.0,6.0,3.0,0.0,2.0,2.0,0.0,0.0,,,,,,,,60.0,,PT- OLD ,43%,,,
,PT- NEW,0,4,0.0,0.0,3.0,6.0,3.0,9.0,8.0,0.0,3.0,4.0,2.0,5,0.0,0.0,0.0,9.0,6.0,6.0,8.0,4.0,0.0,0.0,,,,,,,,80.0,,PT- NEW,57%,,,
,Amt-ToT,0.0,42.0,0.0,0.0,91.0,147.0,92.0,180.0,83.0,0.0,156.0,84.0,30.0,87.0,0.0,0.0,0.0,185.0,104.0,70.0,94.0,49.0,0.0,0.0,0.0,0.0,0.0,0.0,0.0,0.0,0.0,1494.0,,Amt-ToT,43%,,,
,Pt-TOT,0.0,6.0,0.0,0.0,8.0,14.0,9.0,14.0,10.0,0.0,13.0,8.0,3.0,9.0,0.0,0.0,0.0,15.0,9.0,6.0,10.0,6.0,0.0,0.0,0.0,0.0,0.0,0.0,0.0,0.0,0.0,140.0,,Pt-TOT,,10.7,,
Dr Behshid,AMT - OLD ,0.0,0.0,97.5,55.0,36.5,5.0,32.8,21.0,0.0,86.0,32.0,14.5,18.0,33,31.0,0.0,60.0,11.0,21.0,16.0,13.0,56.8,0.0,46.0,,,,,,,,686.0,Dr Behsid,AMT - OLD ,33%,7.8,,
,AMT-NEW,170.0,0.0,137.0,82.0,10.5,22.0,86.0,88.0,0.0,126.0,15.0,42.0,19.0,54,49.0,0.0,131.0,42.0,38.0,41.0,50.0,55.0,0.0,148.0,,,,,,,,1405.5,,AMT-NEW,67%,10.9,,
,PT- OLD ,0,0,14,5,7.0,1.0,4.0,3.0,0.0,7.0,4.0,2.0,2.0,4,6.0,0.0,6.0,1.0,4.0,2.0,4.0,8.0,0.0,4.0,,,,,,,,88.0,,PT- OLD ,41%,,,
,PT- NEW,15,0,12,9,2.0,3.0,5.0,8.0,0.0,11.0,1.0,5.0,2.0,6,5.0,0.0,13.0,4.0,3.0,4.0,3.0,6.0,0.0,12.0,,,,,,,,129.0,,PT- NEW,59%,,,
,Amt-ToT,170.0,0.0,234.5,137.0,47.0,27.0,118.8,109.0,0.0,212.0,47.0,56.5,37.0,87.0,80.0,0.0,191.0,53.0,59.0,57.0,63.0,111.8,0.0,194.0,0.0,0.0,0.0,0.0,0.0,0.0,0.0,2091.5,,Amt-ToT,41%,,,
,Pt-TOT,15.0,0.0,26.0,14.0,9.0,4.0,9.0,11.0,0.0,18.0,5.0,7.0,4.0,10.0,11.0,0.0,19.0,5.0,7.0,6.0,7.0,14.0,0.0,16.0,0.0,0.0,0.0,0.0,0.0,0.0,0.0,217.0,,Pt-TOT,,9.6,,
Dr Parvathy ,AMT - OLD ,8.0,0.0,229.0,78.0,95.0,65.0,80.0,20.0,72.5,0.0,0.0,55.0,12.0,0.0,30.0,7.0,0.0,0.0,120.0,12.0,30.0,25.0,0.0,68.0,,,,,,,,1006.5,Dr Parvathy ,AMT - OLD ,63%,22.4,,
,AMT-NEW,53.0,0.0,20.0,0.0,30.0,60.0,25.0,0.0,30.0,0.0,0.0,25.0,56.0,0.0,0.0,50.0,0.0,0.0,0.0,90.0,20.0,3.0,0.0,120.0,,,,,,,,582.0,,AMT-NEW,37%,22.4,,
,PT- OLD ,2.0,0.0,6.0,3.0,3.0,1.0,4.0,2.0,5.0,0.0,0.0,2.0,1.0,0.0,2.0,1.0,0.0,0.0,2.0,1.0,1.0,2.0,0.0,7.0,,,,,,,,45.0,,PT- OLD ,63%,,,
,PT- NEW,3.0,0.0,1.0,0.0,2.0,1.0,1.0,0.0,2.0,0.0,0.0,1.0,3.0,0.0,0.0,2.0,0.0,0.0,0.0,3.0,1.0,1.0,0.0,5.0,,,,,,,,26.0,,PT- NEW,37%,,,
,Amt-ToT,61.0,0.0,249.0,78.0,125.0,125.0,105.0,20.0,102.5,0.0,0.0,80.0,68.0,0.0,30.0,57.0,0.0,0.0,120.0,102.0,50.0,28.0,0.0,188.0,0.0,0.0,0.0,0.0,0.0,0.0,0.0,1588.5,,Amt-ToT,,,,
,Pt-TOT,5.0,0.0,7.0,3.0,5.0,2.0,5.0,2.0,7.0,0.0,0.0,3.0,4.0,0.0,2.0,3.0,0.0,0.0,2.0,4.0,2.0,3.0,0.0,12.0,0.0,0.0,0.0,0.0,0.0,0.0,0.0,71.0,,Pt-TOT,,22.4,,
Dr Archana,AMT - OLD ,253.0,60.0,0.0,25.0,0.0,0.0,73.0,35.0,0.0,10.0,15.0,82.0,0.0,95.0,74.0,0.0,35.0,73.0,32.0,95.0,8.0,35.0,10.0,0.0,,,,,,,,1010.0,Dr Archana,AMT - OLD ,42%,23.0,,
,AMT-NEW,93.0,220.0,0.0,115.0,194.0,35.0,30.0,10.0,0.0,86.0,33.0,63.0,35.0,35.0,65.0,0.0,92.0,50.0,25.0,30.0,73.0,81.8,10.0,0.0,,,,,,,,1375.8,,AMT-NEW,58%,19.7,,
,PT- OLD ,7.0,4.0,0.0,1.0,0.0,0.0,3.0,2.0,0.0,2.0,1.0,5.0,0.0,2.0,2.0,0.0,2.0,2.0,2.0,3.0,2.0,2.0,2.0,0.0,,,,,,,,44.0,,PT- OLD ,39%,,,
,PT- NEW,2.0,5.0,0.0,6.0,7.0,1.0,2.0,2.0,0.0,6.0,3.0,3.0,2.0,1.0,3.0,0.0,5.0,3.0,3.0,1.0,7.0,6.0,2.0,0.0,,,,,,,,70.0,,PT- NEW,61%,,,
,Amt-ToT,346.0,280.0,0.0,140.0,194.0,35.0,103.0,45.0,0.0,96.0,48.0,145.0,35.0,130.0,139.0,0.0,127.0,123.0,57.0,125.0,81.0,116.8,20.0,0.0,0.0,0.0,0.0,0.0,0.0,0.0,0.0,2385.8,,Amt-ToT,,,,
,Pt-TOT,9.0,9.0,0.0,7.0,7.0,1.0,5.0,4.0,0.0,8.0,4.0,8.0,2.0,3.0,5.0,0.0,7.0,5.0,5.0,4.0,9.0,8.0,4.0,0.0,0.0,0.0,0.0,0.0,0.0,0.0,0.0,114.0,,Pt-TOT,,20.9,,